,words,repeated
0,fireplacewitch i,0
1,i want,22
2,want new,9
3,new moots,0
4,moots im,0
5,im cool,9
6,cool with,9
7,with anyone,9
8,anyone booktwt,0
9,booktwt filmtwt,0
10,filmtwt arttwt,0
11,arttwt studytwt,0
12,studytwt etc,0
13,etc just,0
14,just be,9
15,be and,9
16,and nice,0
17,so yeah,1
18,yeah follow,9
19,follow meâ,0
20,Lauren OTD,0
21,OTD â,0
22,â Pandro,0
23,Pandro S,0
24,S Berman,0
25,Berman Aged,0
26,Aged US,0
27,US filmmaker,0
28,filmmaker b,0
29,Picture of,0
30,of Dorian,0
31,Dorian Gray,0
32,Gray The,0
33,The Three,0
34,Three Musketeers,0
35,Musketeers The,0
36,The Briâ,0
37,The Picture,0
38,ambageni httpstcofVoMAPMmL,0
39,BooksStoryline Ten,0
40,Ten great,0
41,great lines,20
42,lines from,20
43,from novels,0
44,novels âœThe,0
45,âœThe curves,0
46,curves of,20
47,of your,20
48,your lips,20
49,lips rewrite,20
50,rewrite historyâ,0
51,historyâ âOscar,0
52,âOscar Wilde,0
53,Wilde The,0
54,Gray âœI,0
55,âœI toâ,0
56,LiteratureFace What,0
57,What the,0
58,the invention,2
59,invention of,2
60,of oilpainting,0
61,oilpainting was,0
62,was to,4
63,to the,21
64,the Venetians,0
65,Venetians the,0
66,the face,4
67,face of,4
68,of Antinous,0
69,Antinous was,0
70,to late,2
71,late Greek,0
72,Greek sculpture,0
73,sculpture and,0
74,and the,34
75,the facâ,0
76,bookhooe btw,0
77,btw helloo,7
78,helloo im,0
79,im new,2
80,new to,13
81,to booktwt,0
82,booktwt amp,0
83,amp im,0
84,im looking,2
85,looking for,11
86,for some,10
87,some moots,0
88,aristole and,7
89,and dante,7
90,dante discover,7
91,discover the,8
92,the secrets,7
93,secrets of,7
94,of tâ,0
95,Chiltern Classic,0
96,Classic series,0
97,series is,1
98,is so,5
99,so beautiful,1
100,beautiful ðŸ,0
101,ðŸ want,0
102,want The,0
103,Gray but,0
104,but its,0
105,its not,0
106,not available,1
107,available in,1
108,in the,34
109,the store,1
110,store httpstcocwRmdiqiP,0
111,ryanthestan picture,1
112,picture of,585
113,of dorian,681
114,dorian gray,351
115,gray is,10
116,is really,1
117,really good,1
118,good but,2
119,but if,1
120,if you,6
121,you donât,0
122,donât want,0
123,want to,28
124,to read,9
125,read a,1
126,a full,1
127,full novel,0
128,novel i,1
129,i suggest,1
130,suggest starting,1
131,starting out,1
132,out with,1
133,with some,1
134,some of,6
135,of his,1
136,his plays,1
137,plays the,0
138,the importance,1
139,importance of,2
140,of being,4
141,being ernest,1
142,ernest amp,0
143,amp a,0
144,a woman,1
145,woman of,1
146,of no,3
147,no importance,1
148,importance were,1
149,were a,2
150,a couple,1
151,couple of,2
152,of my,25
153,my favs,0
154,follow me,1
155,me if,2
156,if u,3
157,u like,0
158,RTLIKE PLEASE,0
159,PLEASE ðŸ,0
160,currently manifesting,0
161,manifesting a,1
162,a picture,7
163,gray situation,1
164,situation where,1
165,where each,1
166,each time,1
167,time I,0
168,I stub,0
169,stub my,1
170,my toe,1
171,toe or,1
172,or slam,1
173,slam my,1
174,my elbow,1
175,elbow into,1
176,into something,1
177,something the,2
178,the stanley,1
179,stanley cup,1
180,cup takes,1
181,takes my,1
182,my damage,0
183,damage i,0
184,want it,1
185,it to,3
186,to have,1
187,have the,7
188,the texture,1
189,texture of,1
190,of a,16
191,a thimble,0
192,I read,0
193,read The,0
194,Gray and,0
195,and attached,1
196,attached myself,1
197,myself to,1
198,to Lord,0
199,Lord Henry,0
200,Henry Wotton,0
201,Wotton at,0
202,at too,1
203,too impressionable,1
204,impressionable an,1
205,an age,1
206,age and,1
207,and now,1
208,now I,0
209,I will,0
210,will literally,1
211,literally do,1
212,do anything,1
213,anything just,1
214,just for,1
215,for the,33
216,the experience,0
217,gatitomars the,1
218,the picture,483
219,gray and,14
220,the secret,3
221,secret history,3
222,history i,0
223,i have,10
224,have successfully,1
225,successfully gotten,1
226,gotten through,1
227,through like,1
228,like one,2
229,one page,1
230,page in,1
231,in both,1
232,both of,1
233,of those,1
234,those bc,1
235,bc im,2
236,im lazy,0
237,lazy i,0
238,i can,5
239,can rec,1
240,rec some,1
241,some comics,0
242,comics web,0
243,web comics,1
244,comics too,1
245,too if,1
246,you want,3
247,Gray will,0
248,will some,1
249,some day,1
250,day be,1
251,be to,1
252,to me,1
253,me Oscar,0
254,Oscar Wilde,0
255,estou lendo,0
256,do george,1
257,george orwell,0
258,gray do,3
259,do oscar,1
260,oscar wilde,41
261,I think,0
262,think getting,1
263,getting volumes,1
264,volumes of,1
265,of black,1
266,black butler,1
267,butler and,1
268,gray in,3
269,in a,22
270,a single,2
271,single library,1
272,library trip,1
273,trip is,1
274,is probably,1
275,probably a,1
276,a symptom,1
277,symptom of,1
278,of some,2
279,some previously,1
280,previously undescribed,1
281,undescribed mental,1
282,mental illness,0
283,âœI took,0
284,took a,4
285,a deep,4
286,deep breath,4
287,breath and,4
288,and listened,4
289,listened to,4
290,the old,6
291,old brag,4
292,brag of,4
293,my heart,1
294,heart I,0
295,I am,0
296,am I,0
297,I amââSylvia,0
298,amââSylvia Plath,0
299,Plath The,0
300,The Bell,0
301,Bell Jar,0
302,Jar httpstcoyqlZmbqcmA,0
303,httpstcoyqlZmbqcmA books,0
304,books writing,0
305,writing writerslife,0
306,literarybase The,0
307,The Bribe,0
308,Bribe Father,0
309,Father of,0
310,of Bride,0
311,Bride Ivanhoe,0
312,Ivanhoe Knights,0
313,Knights of,0
314,of the,219
315,the Round,0
316,Round Table,0
317,Table Blackboard,0
318,Blackboard Jungle,0
319,Jungle Bhowani,0
320,Bhowani Junction,0
321,Junction BUtterfield,0
322,BUtterfield Sweet,0
323,Sweet Bird,0
324,Bird of,0
325,of Youth,0
326,Youth A,0
327,A Patch,0
328,Patch of,0
329,of Blue,0
330,Blue httpstcoXVuLB,0
331,ââ cr,0
332,cr the,0
333,gray httpstcoEfAdhbIny,0
334,LouiseSalome Some,0
335,Some things,0
336,things are,19
337,are more,19
338,more precious,19
339,because they,19
340,they dont,0
341,dont last,0
342,last long,0
343,You will,0
344,will always,22
345,always be,21
346,be fond,21
347,fond of,22
348,of me,0
349,I represent,0
350,represent to,21
351,to you,21
352,you all,21
353,all thâ,0
354,bookishcrows i,1
355,i think,4
356,think itâs,0
357,itâs going,0
358,going to,2
359,to be,23
360,be the,5
361,Dorian gray,0
362,gray wbu,0
363,MrRaceBannon Like,0
364,Like the,0
365,Gray for,0
366,the Cancervatives,0
367,atlurbanist The,0
368,The first,0
369,first image,7
370,image is,7
371,is a,10
372,a map,7
373,map showing,7
374,showing the,7
375,the footprint,7
376,footprint of,7
377,of buildings,7
378,buildings before,7
379,before parking,7
380,parking dominated,7
381,dominated source,0
382,source Emory,0
383,Emory Library,0
384,To meâ,0
385,i enjoy,0
386,enjoy the,2
387,gray way,1
388,way too,1
389,too much,1
390,wylanloml super,1
391,super basic,1
392,basic but,2
393,but the,26
394,so cliche,0
395,cliche but,1
396,but read,1
397,read the,19
398,the bell,6
399,bell jar,5
400,jar kafka,0
401,kafka by,1
402,by the,5
403,the shore,0
404,shore a,0
405,gray they,0
406,they should,1
407,should watch,1
408,watch trainspotting,0
409,trainspotting sofia,0
410,sofia coppolaâs,0
411,coppolaâs movies,0
412,movies McQueen,0
413,McQueen and,0
414,and bojack,1
415,bojack horseman,1
416,horseman and,1
417,and listen,1
418,listen to,1
419,to slowdive,0
420,slowdive around,0
421,around the,1
422,the fur,0
423,fur geidi,0
424,geidi primes,0
425,primes disintegration,0
426,disintegration crystal,0
427,crystal castles,1
428,castles httpstcoaFSboE,0
429,i did,1
430,did not,2
431,not enjoy,1
432,the ending,1
433,ending of,1
434,gray by,24
435,by oscar,34
436,wilde i,0
437,i turned,1
438,turned the,1
439,the page,1
440,page expecting,1
441,expecting there,1
442,there to,1
443,be more,2
444,more but,2
445,but then,1
446,then it,1
447,it was,7
448,was just,1
449,just the,2
450,the acknowledgments,0
451,acknowledgments so,0
452,so upsettingââ,0
453,upsettingââ was,0
454,was also,1
455,also read,1
456,read in,1
457,the middle,1
458,middle of,1
459,a cafe,1
460,cafe in,1
461,the upper,1
462,upper east,1
463,east side,1
464,side nyc,1
465,nyc while,1
466,while it,1
467,was pouring,1
468,pouring outside,1
469,outside and,1
470,and I,0
471,I had,0
472,gray will,4
473,will forever,2
474,forever be,2
475,be a,2
476,a top,1
477,top tier,1
478,tier book,1
479,book assigned,1
480,assigned from,1
481,from school,0
482,ðŸSome things,0
483,precious because,19
484,long Oscar,0
485,Dorian GrayðŸ,0
486,GrayðŸ This,0
487,This is,0
488,is exactly,2
489,exactly how,2
490,how we,1
491,we feel,2
492,feel about,1
493,about our,1
494,our handmade,1
495,handmade prcious,1
496,prcious cupcakes,1
497,cupcakes and,1
498,and this,2
499,this cheesecakeinspired,0
500,cheesecakeinspired Black,0
501,Black Bottom,0
502,Bottom treat,0
503,treat Available,0
504,Available instore,0
505,instore and,0
506,and online,1
507,online at,1
508,at httpstcoynIwCwI,0
509,httpstcoynIwCwI httpstcokzARXbT,0
510,donât break,0
511,break the,1
512,the chain,0
513,recent th,0
514,th pic,0
515,pic the,0
516,gray quote,0
517,anyone but,1
518,but whoever,1
519,whoever sees,1
520,sees this,1
521,this n,1
522,n wants,1
523,wants do,0
524,do it,0
525,it httpstcoqExwOKbz,0
526,httpstcoqExwOKbz httpstcoEVDXlKD,0
527,DonaldJTrumpJr He,0
528,He is,0
529,is progressing,2
530,progressing along,2
531,along like,2
532,like the,16
533,the painting,5
534,painting in,3
535,the Picture,0
536,omj The,0
537,httpstcoSiNxWfA httpstcoUWgsiBYLzW,0
538,i finished,0
539,finished to,1
540,brendonconnelly Its,0
541,Its a,0
542,a Wonderful,0
543,Wonderful Life,0
544,Life The,0
545,The picture,0
546,Gray Citizen,0
547,Citizen kane,0
548,kane A,0
549,A Matter,0
550,Matter of,0
551,of Life,0
552,Life and,0
553,and Death,0
554,Gray glanced,0
555,glanced at,2
556,at the,21
557,picture and,1
558,and suddenly,2
559,suddenly an,2
560,an uncontrollable,2
561,uncontrollable feeling,2
562,feeling of,2
563,of hatred,2
564,hatred for,2
565,for Basil,0
566,Basil Hallward,0
567,Hallward came,0
568,came over,2
569,over him,0
570,him as,0
571,as though,2
572,though it,2
573,it had,2
574,had been,2
575,been suggested,2
576,suggested to,2
577,to him,3
578,him by,2
579,the image,2
580,image on,2
581,on the,14
582,the canvas,0
583,canvas whispered,0
584,whispered into,2
585,into his,2
586,his ear,2
587,ear by,2
588,by those,2
589,those grinning,2
590,grinning lips,0
591,Mthldamd ah,0
592,ah yes,0
593,yes i,0
594,i already,2
595,already picked,1
596,picked picture,1
597,gray but,5
598,but im,2
599,im quite,0
600,quite sceptical,1
601,sceptical about,1
602,about pride,1
603,pride and,4
604,and prejudice,3
605,prejudice sadly,0
606,sadly these,0
607,these are,2
608,are the,4
609,the only,9
610,only books,1
611,books by,1
612,by said,1
613,said authors,1
614,authors that,1
615,that we,2
616,we can,2
617,can pick,0
618,pick might,0
619,might give,1
620,give it,1
621,it a,2
622,a shot,1
623,shot now,1
624,now that,2
625,that youre,0
626,youre recommending,0
627,recommending it,0
628,it thank,0
629,thank you,2
630,gray if,3
631,if we,2
632,we were,2
633,were villains,1
634,villains httpstcoxtrlYhzaY,0
635,Behind every,0
636,every exquisite,2
637,exquisite thing,2
638,thing that,5
639,that existed,0
640,existed there,0
641,there was,3
642,was something,3
643,something tragicâ,0
644,tragicâ Quoted,0
645,Quoted from,0
646,from our,1
647,our favourite,1
648,favourite duplicitous,1
649,duplicitous tale,0
650,tale Wildes,0
651,Wildes fantastic,0
652,fantastic The,0
653,audle When,0
654,When I,0
655,I like,0
656,like people,6
657,people immensely,6
658,immensely I,0
659,I never,0
660,never tell,6
661,tell their,6
662,their names,6
663,names to,6
664,to any,5
665,any one,0
666,one It,0
667,It is,0
668,is like,9
669,like surrendering,5
670,surrendering a,5
671,a part,5
672,part of,6
673,of them,1
674,them I,0
675,I have,0
676,have grown,4
677,grown to,4
678,to loveâ,0
679,whatâs the,0
680,the point,1
681,point of,1
682,of chapter,1
683,chapter of,2
684,gray i,5
685,i literally,2
686,literally have,1
687,have no,1
688,no idea,1
689,idea what,1
690,what im,2
691,im reading,0
692,Close to,0
693,to my,2
694,heart Pride,0
695,Pride and,0
696,and Prejudice,0
697,Prejudice A,0
698,A streetcar,0
699,streetcar named,1
700,named desire,0
701,desire Wuthering,0
702,Wuthering Heights,0
703,Heights Julius,0
704,Julius Caesar,0
705,Caesar The,0
706,Gray Man,0
707,Man and,0
708,and Superman,0
709,I hate,0
710,hate nothing,1
711,nothing but,2
712,but dislike,1
713,dislike David,0
714,David Copperfield,0
715,Copperfield I,0
716,I just,0
717,just didnt,0
718,didnt like,0
719,like it,1
720,will recommend,1
721,recommend all,1
722,all my,1
723,my close,0
724,close to,0
725,to heart,0
726,heart ones,0
727,ones lol,0
728,lol httpstcoBPGZhNpOR,0
729,LHLRCKERA well,0
730,well i,1
731,i usually,2
732,usually read,2
733,read extracts,1
734,extracts like,1
735,like this,1
736,this people,1
737,people post,0
738,post but,0
739,but ive,1
740,ive been,1
741,been trying,1
742,trying to,1
743,read more,2
744,more i,2
745,i started,2
746,started the,1
747,wilde is,2
748,is often,1
749,often quoted,1
750,quoted and,1
751,and associated,1
752,associated with,1
753,with the,10
754,the modern,1
755,modern da,1
756,da aesthetic,1
757,aesthetic so,1
758,so maybe,3
759,maybe read,1
760,read that,1
761,ppl fancasting,0
762,fancasting ben,1
763,ben barnes,2
764,barnes as,1
765,as sirius,1
766,sirius always,1
767,always makes,1
768,makes me,1
769,me laugh,1
770,laugh like,1
771,the pictures,1
772,pictures they,1
773,they use,1
774,use is,1
775,is from,2
776,from the,3
777,and heâs,0
778,heâs wearing,0
779,wearing all,1
780,all those,1
781,those expensive,1
782,expensive and,1
783,and fancy,1
784,fancy ass,1
785,ass clothes,1
786,clothes and,1
787,and i,15
788,i just,2
789,just go,1
790,go u,1
791,u guys,1
792,guys know,1
793,know sirius,1
794,sirius did,1
795,not want,2
796,want anything,1
797,anything to,1
798,to do,2
799,do with,1
800,with his,1
801,his rich,1
802,rich ass,1
803,ass family,1
804,family right,0
805,rvngelife i,1
806,read YA,0
807,YA romance,0
808,romance novels,1
809,novels and,1
810,and id,1
811,id like,1
812,like to,2
813,to broaden,1
814,broaden my,1
815,my horizons,0
816,horizons so,0
817,so anything,1
818,anything you,1
819,you like,1
820,like i,2
821,did like,1
822,gray though,0
823,Plays The,0
824,Gray roles,0
825,roles httpstcoyKwCbaBtOv,0
826,pantheonrry wait,1
827,wait what,1
828,what about,1
829,about the,4
830,currently reading,3
831,Gray by,0
832,by Oscar,0
833,Wilde amp,0
834,amp at,0
835,at this,1
836,this point,1
837,point just,1
838,just assume,1
839,assume Iâm,0
840,Iâm reading,0
841,reading Priory,0
842,Priory until,0
843,until I,0
844,I say,0
845,say Iâm,0
846,Iâm done,0
847,To me,0
848,me this,0
849,this is,8
850,is Atlantas,0
851,Atlantas Picture,0
852,Gray the,0
853,the ugly,2
854,ugly reality,1
855,reality at,1
856,the citys,0
857,citys historic,0
858,historic heart,1
859,heart which,1
860,which displays,1
861,displays our,1
862,our soul,1
863,soul in,1
864,in contrast,1
865,contrast to,1
866,to a,3
867,a facade,1
868,facade of,1
869,of progress,0
870,progress httpstcoUHIkxpic,0
871,vejinhand Let,0
872,Let me,0
873,me correct,1
874,correct myself,0
875,myself Ive,0
876,Ive read,0
877,read other,1
878,other disturbingly,1
879,disturbingly sck,0
880,sck books,0
881,books over,1
882,over the,1
883,the years,0
884,years a,0
885,a Flowers,0
886,Flowers in,0
887,the Attic,0
888,Attic b,0
889,b the,0
890,the Hannibal,0
891,Hannibal Lecter,0
892,Lecter series,0
893,series c,0
894,c The,0
895,Gray Creepy,0
896,Creepy creepy,0
897,creepy ones,0
898,ones But,0
899,But what,0
900,what a,1
901,a read,1
902,donysus youâve,0
903,youâve probably,0
904,probably read,1
905,read it,2
906,it but,1
907,gray ðŸªðŸª,0
908,Wilde and,0
909,and Our,0
910,Our Little,0
911,Little Cruelties,0
912,Cruelties by,0
913,by Liz,0
914,Liz Nugent,0
915,Nugent came,0
916,came to,2
917,to mind,1
918,mind firstâï,0
919,firstâï httpstcoxePrPybigU,0
920,The more,0
921,more I,0
922,I watch,0
923,watch these,1
924,these Constitutional,0
925,Constitutional Court,0
926,Court proceedings,0
927,proceedings the,0
928,the more,1
929,am reminded,1
930,reminded of,1
931,of this,2
932,this passage,1
933,passage from,1
934,from Oscar,0
935,Oscar Wildes,0
936,Wildes novel,0
937,novel The,0
938,MrSCrane âœSome,0
939,âœSome things,0
940,they donât,0
941,donât last,0
942,last longâ,0
943,longâ Oscar,0
944,Gray httpstcoooTiâ,0
945,divabraxos âïUpdating,0
946,âïUpdating this,0
947,this If,0
948,If you,0
949,Stormlight Archive,0
950,The Poppy,0
951,Poppy War,0
952,Red Rising,0
953,The Lies,0
954,Lies of,0
955,of Locke,0
956,Locke Lamora,0
957,Old movie,0
958,movie Dorian,0
959,Gray is,0
960,is about,1
961,about a,1
962,a man,2
963,man who,2
964,who kept,1
965,kept a,1
966,of himself,1
967,himself which,1
968,which aged,1
969,aged over,1
970,over time,1
971,time instead,1
972,instead of,2
973,the man,2
974,man All,0
975,All the,0
976,the evil,1
977,evil he,1
978,he committed,1
979,committed showed,1
980,showed up,1
981,up on,1
982,picture while,1
983,while the,1
984,the living,1
985,living man,1
986,man retained,1
987,retained his,1
988,his physical,1
989,physical beauty,0
990,beauty Picture,0
991,Picture horrible,0
992,horrible man,0
993,man handsome,0
994,handsome Bill,0
995,Bill no,0
996,no longer,1
997,longer handsome,1
998,handsome httpstcolbSFgiWtz,0
999,Wilde httpstcotvNDkYqL,0
1000,I saw,0
1001,saw Francis,0
1002,Francis Greenslade,0
1003,Greenslade if,0
1004,if memory,0
1005,memory serves,1
1006,serves me,1
1007,me correctly,0
1008,correctly as,0
1009,as a,3
1010,a teenager,1
1011,teenager at,1
1012,at Club,0
1013,Club Foote,0
1014,Foote in,0
1015,in Adelaide,0
1016,Adelaide doing,0
1017,doing The,0
1018,Gray An,0
1019,An underrated,0
1020,underrated super,1
1021,super talent,0
1022,talent httpstcoydAiBkOI,0
1023,SanaMun When,0
1024,have grownâ,0
1025,to love,2
1026,love secrecy,0
1027,secrecy It,0
1028,It seems,0
1029,seems to,3
1030,the one,4
1031,one thing,11
1032,that can,2
1033,can make,2
1034,make modern,2
1035,modern life,2
1036,life mysterious,2
1037,mysterious or,2
1038,or marvellous,2
1039,marvellous to,2
1040,to us,0
1041,oswinpxnd â,0
1042,â he,0
1043,he loved,1
1044,loved classic,1
1045,classic and,1
1046,and gothic,1
1047,gothic literature,0
1048,literature preferably,0
1049,preferably oscar,1
1050,wilde the,5
1051,gray specifically,0
1052,specifically and,0
1053,and edgar,1
1054,edgar allen,1
1055,allen pâ,0
1056,The Futureheads,0
1057,Futureheads A,0
1058,A Picture,0
1059,Picture Of,0
1060,Of Dorian,0
1061,httpstcooYalBnPuT via,0
1062,paullicino Thereâs,0
1063,Thereâs a,0
1064,a creepy,1
1065,creepy Picture,0
1066,Gray thing,0
1067,thing happening,1
1068,happening here,1
1069,here where,1
1070,where the,2
1071,the bearâs,0
1072,bearâs expression,0
1073,expression is,1
1074,is your,3
1075,your expression,1
1076,expression from,1
1077,from image,1
1078,image as,1
1079,as if,2
1080,if he,2
1081,he absorbs,1
1082,absorbs the,1
1083,the melancholy,1
1084,melancholy that,1
1085,that poisons,1
1086,poisons your,1
1087,your life,1
1088,life while,1
1089,while you,2
1090,you are,3
1091,are free,1
1092,free to,1
1093,to live,2
1094,live in,1
1095,in decadence,1
1096,decadence and,1
1097,and turpitude,0
1098,BlackDouglas Considering,0
1099,Considering how,0
1100,how bad,1
1101,bad he,1
1102,he looks,1
1103,looks the,0
1104,picture in,3
1105,the attic,3
1106,attic must,1
1107,must be,1
1108,be truly,1
1109,truly ghastly,0
1110,ghastly Small,0
1111,Small thing,0
1112,that always,1
1113,always niggles,1
1114,niggles my,1
1115,my mild,1
1116,mild OCDIts,0
1117,OCDIts The,0
1118,Gray Not,0
1119,Not portrait,0
1120,portrait Not,0
1121,Not your,0
1122,your fault,0
1123,fault a,0
1124,a common,1
1125,common misconception,0
1126,misconception Please,0
1127,Please forgive,0
1128,forgive me,1
1129,me for,1
1130,for being,3
1131,being slightly,1
1132,slightly pedantic,0
1133,pedantic ðŸðŸðŸ,0
1134,ðŸðŸðŸ httpstcokvSAOXp,0
1135,Apostrophe The,0
1136,Gray blackandwhitephotography,0
1137,blackandwhitephotography httpstcotdoDiHcyEJ,0
1138,reading the,13
1139,i fORGOT,0
1140,fORGOT how,0
1141,how i,3
1142,i imagined,1
1143,imagined the,1
1144,the characters,1
1145,characters and,1
1146,and how,1
1147,how fruity,1
1148,fruity this,1
1149,this book,1
1150,book is,4
1151,is ðŸâðŸðŸª,0
1152,KennethFisherJR The,0
1153,The alchemist,0
1154,Divine Error,0
1155,Reading a,0
1156,a book,2
1157,book thats,0
1158,thats like,0
1159,like if,1
1160,if the,2
1161,Gray took,0
1162,took place,1
1163,place in,1
1164,in Pittsburgh,0
1165,Pittsburgh in,0
1166,the s,0
1167,s and,0
1168,and Basil,0
1169,Basil was,0
1170,was homophobic,0
1171,Oh dear,0
1172,dear Biden,0
1173,Biden just,0
1174,just came,1
1175,my door,1
1176,door and,1
1177,and took,1
1178,took my,3
1179,my Bibles,0
1180,Bibles guns,0
1181,guns meat,0
1182,meat some,0
1183,some silverware,0
1184,silverware my,0
1185,my picture,1
1186,Gray my,0
1187,my coziest,1
1188,coziest comforter,0
1189,comforter and,0
1190,and a,3
1191,a lightsaber,0
1192,lightsaber he,0
1193,he put,1
1194,put up,1
1195,up my,1
1196,my Christmas,0
1197,Christmas tree,0
1198,tree and,1
1199,and tore,1
1200,tore it,1
1201,to shreds,0
1202,shreds then,0
1203,then kicked,1
1204,kicked a,1
1205,a puppy,1
1206,puppy on,1
1207,the way,1
1208,way out,0
1209,Tonight for,0
1210,the third,1
1211,third or,1
1212,or fourth,1
1213,fourth time,1
1214,I can,0
1215,can remember,1
1216,remember dad,1
1217,dad asked,1
1218,asked me,2
1219,if it,2
1220,was Edgar,0
1221,Edgar Allan,0
1222,Allan Poe,0
1223,Poe who,0
1224,who wrote,1
1225,wrote The,0
1226,and if,2
1227,if You,0
1228,You cant,0
1229,cant go,0
1230,go home,1
1231,home again,0
1232,again was,0
1233,was a,6
1234,a Thomas,0
1235,Thomas Paine,0
1236,Paine quote,0
1237,â The,0
1238,Gray Oscar,0
1239,Wilde httpstcofDyppoIFS,0
1240,I really,0
1241,really wan,0
1242,wan na,0
1243,na finish,0
1244,finish the,3
1245,gray so,1
1246,so bad,2
1247,bad but,1
1248,but every,1
1249,every time,1
1250,I opened,0
1251,opened it,1
1252,it my,1
1253,my brain,1
1254,brain just,1
1255,just stops,1
1256,stops working,1
1257,working and,1
1258,I suddenly,0
1259,suddenly donât,0
1260,donât know,0
1261,know english,0
1262,âœThe Picture,0
1263,Gray made,0
1264,made me,4
1265,me rabid,0
1266,rabid Like,0
1267,Like I,0
1268,I wanted,0
1269,wanted to,3
1270,to bite,1
1271,bite peopleâ,0
1272,Random insult,0
1273,Oh youâre,0
1274,youâre the,0
1275,the very,1
1276,very picture,0
1277,picture ofâ,0
1278,âDorian Gray,0
1279,listening to,1
1280,to ben,1
1281,barnes reading,1
1282,and smiling,1
1283,smiling at,1
1284,the voices,1
1285,voices he,1
1286,he is,5
1287,is making,1
1288,making but,1
1289,but his,1
1290,his voice,1
1291,voice is,1
1292,so smooth,0
1293,bjorkluvr Im,0
1294,Im definitely,0
1295,definitely into,1
1296,into classics,1
1297,classics theory,0
1298,theory and,0
1299,and history,0
1300,my favorite,3
1301,favorite fiction,1
1302,fiction classics,1
1303,classics are,2
1304,are MobyDick,0
1305,MobyDick To,0
1306,To The,0
1307,The Lighthouse,0
1308,Lighthouse Picture,0
1309,I mainly,0
1310,mainly stick,1
1311,stick to,1
1312,to nonfiction,0
1313,nonfiction these,0
1314,these days,1
1315,days though,0
1316,though currently,0
1317,reading Capital,0
1318,Capital by,0
1319,by Marx,0
1320,Marx and,0
1321,and Mythologies,0
1322,Mythologies by,0
1323,by Roland,0
1324,Roland Barthes,0
1325,I wan,0
1326,na have,0
1327,have my,1
1328,my own,1
1329,own copy,1
1330,copy of,63
1331,of animal,1
1332,animal farm,1
1333,farm and,1
1334,isabloooo âœ,0
1335,âœ The,0
1336,Gray âœ,0
1337,âœ httpstcoekmonvUeH,0
1338,adoregenya hi,1
1339,hi letâs,0
1340,letâs be,0
1341,be moots,0
1342,moots iâve,0
1343,iâve just,0
1344,just finished,1
1345,finished the,4
1346,the song,3
1347,song of,3
1348,of achilles,3
1349,achilles and,1
1350,is my,3
1351,Bababa A,0
1352,A quote,0
1353,quote i,1
1354,i read,10
1355,read once,1
1356,once may,0
1357,may not,0
1358,not be,1
1359,be word,1
1360,word to,2
1361,to word,0
1362,The stupid,0
1363,stupid have,1
1364,the best,3
1365,best of,2
1366,of it,3
1367,it in,3
1368,in this,4
1369,this world,0
1370,world They,0
1371,They live,0
1372,live undisturbed,0
1373,undisturbed indifferent,0
1374,indifferent and,0
1375,and without,1
1376,without disquiet,0
1377,disquiet Oscar,0
1378,picture Of,0
1379,come anima,0
1380,anima mai,0
1381,tyreads yes,0
1382,yes im,0
1383,im currently,0
1384,currently buddy,1
1385,buddy reading,1
1386,gray with,5
1387,shreksdee its,1
1388,its called,1
1389,called the,2
1390,gray would,0
1391,would you,1
1392,like a,2
1393,a review,0
1394,demeterasf i,1
1395,i got,2
1396,got the,1
1397,and one,5
1398,one last,1
1399,last stop,0
1400,stop i,0
1401,i really,3
1402,really hope,1
1403,hope theyâre,0
1404,theyâre good,0
1405,good iâm,0
1406,iâm excited,0
1407,donttelllouis OH,0
1408,OH MU,0
1409,MU GOD,0
1410,GOD IM,0
1411,IM IN,0
1412,IN LOVE,0
1413,LOVE u,0
1414,u have,1
1415,the nicest,1
1416,nicest editions,1
1417,editions oh,1
1418,oh my,1
1419,my God,0
1420,God thag,0
1421,thag copy,1
1422,the iliad,1
1423,iliad amp,0
1424,amp the,0
1425,the odyssey,1
1426,odyssey amp,0
1427,gray I,0
1428,I CANT,0
1429,GreyXyla What,0
1430,What of,0
1431,of Art,0
1432,You are,0
1433,are a,4
1434,a scepticâ,0
1435,httpstcomfnvLkZu so,0
1436,so imagine,1
1437,imagine this,1
1438,this in,1
1439,in how,1
1440,how to,2
1441,to get,13
1442,get away,1
1443,away with,1
1444,with murder,1
1445,murder first,1
1446,first season,0
1447,season whenever,0
1448,whenever they,1
1449,they go,1
1450,go back,1
1451,back to,1
1452,to that,1
1453,that night,0
1454,night picture,0
1455,picture this,1
1456,this like,1
1457,like in,1
1458,gray or,2
1459,or grey,1
1460,grey about,1
1461,painting or,1
1462,or portrait,1
1463,portrait or,1
1464,or yule,1
1465,yule log,0
1466,hate hour,1
1467,hour shifts,1
1468,shifts but,1
1469,but I,0
1470,I know,0
1471,know Ive,0
1472,Ive got,0
1473,got ta,0
1474,ta do,0
1475,do this,1
1476,this to,1
1477,to make,1
1478,make up,1
1479,up for,2
1480,the uncensored,2
1481,uncensored annotated,1
1482,annotated copy,1
1483,of Picture,0
1484,Gray I,0
1485,I ordered,0
1486,ordered bc,1
1487,bc she,1
1488,she was,1
1489,was Expensive,0
1490,dorian grayâs,0
1491,grayâs feet,0
1492,Yes its,0
1493,its truly,0
1494,truly insane,1
1495,insane that,1
1496,that an,1
1497,an attractive,1
1498,attractive person,1
1499,person is,1
1500,is attractive,0
1501,attractive I,0
1502,I cant,0
1503,cant think,0
1504,think of,1
1505,single word,1
1506,to describe,1
1507,describe this,1
1508,this situation,1
1509,situation that,1
1510,that would,1
1511,would be,3
1512,more accurate,0
1513,accurate Marisa,0
1514,Marisa Tomei,0
1515,Tomei was,0
1516,was hot,1
1517,hot in,1
1518,this movie,1
1519,movie and,1
1520,and still,0
1521,still is,0
1522,is The,0
1523,The film,0
1524,film version,1
1525,version of,92
1526,of her,1
1527,her didnt,0
1528,didnt age,0
1529,age like,1
1530,Gray INSANE,0
1531,INSANE httpstcoQaJjUyO,0
1532,be one,1
1533,one of,8
1534,my favourite,3
1535,favourite books,1
1536,books and,3
1537,and Oscar,0
1538,Oscar Wildeâs,0
1539,Wildeâs writing,0
1540,writing style,1
1541,style is,1
1542,is just,3
1543,just chefâs,0
1544,chefâs kiss,0
1545,have seen,1
1546,seen my,1
1547,my soul,0
1548,Its rotten,0
1549,rotten black,0
1550,black as,1
1551,as coal,0
1552,For all,0
1553,all I,0
1554,I see,0
1555,see is,1
1556,is decay,0
1557,Take a,0
1558,a look,0
1559,look take,0
1560,take a,2
1561,At the,0
1562,Im really,0
1563,really enjoying,1
1564,enjoying the,1
1565,GaneshBhoi âœExperience,0
1566,âœExperience is,0
1567,is merely,8
1568,merely the,10
1569,the name,10
1570,name men,10
1571,men gave,10
1572,gave to,10
1573,to their,10
1574,their mistakesâ,0
1575,â Oscar,0
1576,RASHAMI AS,0
1577,AS PALAK,0
1578,PALAK Aâ,0
1579,The cashier,0
1580,cashier asked,1
1581,me what,2
1582,what my,2
1583,my fav,3
1584,fav book,1
1585,book was,1
1586,was and,1
1587,and when,1
1588,when I,0
1589,I said,0
1590,said The,0
1591,Gray she,0
1592,she shuddered,0
1593,shuddered Exactly,0
1594,Exactly She,0
1595,She said,0
1596,said it,1
1597,was so,1
1598,so eerie,1
1599,eerie and,1
1600,and that,11
1601,that reaction,1
1602,reaction is,1
1603,how I,0
1604,I felt,0
1605,felt reading,1
1606,reading it,2
1607,Absolutely love,0
1608,love this,1
1609,this line,1
1610,line from,1
1611,from The,0
1612,Women just,0
1613,just dont,0
1614,dont appreciate,0
1615,appreciate hot,1
1616,hot dudes,1
1617,dudes the,1
1618,the same,3
1619,same way,1
1620,way that,1
1621,that men,1
1622,men do,0
1623,do httpstcovbSUfWeO,0
1624,PALAK AWAITED,0
1625,should i,2
1626,read my,1
1627,my policeman,1
1628,policeman for,0
1629,for fun,0
1630,fun or,0
1631,or the,6
1632,gray for,5
1633,for school,0
1634,Cr The,0
1635,Gray httpstcoIpflKDBxX,0
1636,DukeDFS He,0
1637,He reminds,0
1638,reminds me,2
1639,me of,2
1640,A nickname,0
1641,nickname applied,1
1642,applied to,1
1643,to someone,3
1644,someone who,2
1645,who doesnt,0
1646,doesnt seem,0
1647,seem to,1
1648,to age,0
1649,age The,0
1650,The phrase,0
1651,phrase refers,1
1652,refers to,1
1653,the character,1
1654,character in,1
1655,in Oscar,0
1656,Gray who,0
1657,who makes,1
1658,makes a,2
1659,a deal,1
1660,deal with,1
1661,with an,1
1662,an artist,1
1663,artist so,1
1664,so that,2
1665,that a,1
1666,a painting,1
1667,painting of,1
1668,of him,1
1669,him ages,0
1670,ages but,0
1671,but he,1
1672,he does,1
1673,does not,0
1674,There is,0
1675,is only,10
1676,only one,11
1677,thing in,10
1678,the world,30
1679,world worse,9
1680,worse than,9
1681,than being,9
1682,being talked,18
1683,talked about,0
1684,about and,0
1685,that is,43
1686,is not,9
1687,not being,9
1688,Gray httpstcoooTiaMaR,0
1689,âœI am,0
1690,am too,1
1691,too fond,1
1692,of reading,1
1693,reading books,1
1694,books to,2
1695,to care,1
1696,care to,1
1697,to write,2
1698,write themâ,0
1699,danielmarven The,0
1700,xgzhongguo Now,0
1701,Now I,0
1702,can see,1
1703,see that,1
1704,that being,1
1705,being his,1
1706,his real,1
1707,real picture,0
1708,More repulsive,0
1709,repulsive than,1
1710,than the,1
1711,Me needs,0
1712,needs to,1
1713,to finish,2
1714,finish The,0
1715,for my,2
1716,my exams,1
1717,exams which,0
1718,which I,0
1719,I love,0
1720,love very,1
1721,very much,1
1722,much dont,0
1723,dont get,0
1724,get me,1
1725,me wrong,0
1726,Also me,0
1727,me reads,1
1728,reads poetry,1
1729,poetry for,1
1730,for no,1
1731,no reason,0
1732,why did,0
1733,did i,1
1734,i ever,1
1735,ever doubt,1
1736,doubt that,1
1737,that the,12
1738,gray was,1
1739,was gay,0
1740,BillyVacant On,0
1741,On The,0
1742,The Road,0
1743,Road Lord,0
1744,Lord of,0
1745,the Flies,0
1746,Flies Picture,0
1747,think iâm,0
1748,iâm gon,0
1749,gon na,0
1750,na start,0
1751,start reading,3
1752,reading six,1
1753,six of,2
1754,of crows,1
1755,crows or,1
1756,gray hmm,0
1757,hmm have,1
1758,have u,1
1759,u read,1
1760,read either,1
1761,either of,1
1762,it is,10
1763,is it,2
1764,it good,1
1765,good D,0
1766,ahoyboygenius me,1
1767,what r,1
1768,r i,1
1769,i buying,0
1770,buying iâm,0
1771,iâm getting,0
1772,getting the,2
1773,Im listening,0
1774,to The,0
1775,and so,3
1776,so far,1
1777,far its,0
1778,its just,0
1779,just been,1
1780,been hours,1
1781,hours of,1
1782,the main,1
1783,main dudes,1
1784,dudes describing,1
1785,describing what,1
1786,what an,1
1787,an absolute,1
1788,absolute babe,1
1789,babe he,1
1790,is and,1
1791,and his,2
1792,his hot,1
1793,hot oblivious,1
1794,oblivious energy,0
1795,energy I,0
1796,I recommend,0
1797,hi im,0
1798,booktwt and,0
1799,i need,2
1800,need moots,1
1801,here are,1
1802,are some,1
1803,the books,2
1804,books i,1
1805,i love,3
1806,some books,1
1807,books on,1
1808,on my,2
1809,my tbr,0
1810,pls likert,0
1811,likert if,0
1812,u want,1
1813,be mutuals,1
1814,mutuals lt,0
1815,Women as,0
1816,as some,1
1817,some witty,1
1818,witty Frenchman,0
1819,Frenchman once,0
1820,once put,1
1821,put it,0
1822,it inspire,0
1823,inspire us,1
1824,us with,1
1825,the desire,1
1826,desire to,1
1827,do masterpieces,1
1828,masterpieces and,1
1829,and always,1
1830,always prevent,1
1831,prevent us,1
1832,us from,1
1833,from carrying,1
1834,carrying them,1
1835,them out,0
1836,and Other,0
1837,Other Writings,0
1838,HorrorHammer The,0
1839,The original,0
1840,original canvas,89
1841,canvas of,89
1842,the final,89
1843,final version,89
1844,Dorian Grays,0
1845,Grays portrait,0
1846,portrait the,89
1847,the corrupted,0
1848,corrupted deâ,0
1849,dontfwpendejas have,1
1850,have you,1
1851,you read,3
1852,gray my,3
1853,my english,1
1854,english teacher,2
1855,teacher raved,1
1856,raved about,1
1857,about it,3
1858,it and,2
1859,i enjoyed,2
1860,enjoyed it,1
1861,a lot,3
1862,guroclass kafka,1
1863,kafka on,3
1864,shore the,0
1865,old man,2
1866,man and,3
1867,the sea,2
1868,sea the,0
1869,sea is,1
1870,my personal,1
1871,personal favorite,0
1872,favorite so,0
1873,that one,3
1874,one is,7
1875,a must,1
1876,must read,0
1877,I finished,0
1878,Gray Very,0
1879,Very humiliating,0
1880,humiliating to,1
1881,to admit,1
1882,admit I,0
1883,I started,0
1884,started it,1
1885,it over,1
1886,over a,1
1887,a year,1
1888,year agoðŸ,0
1889,agoðŸ Iâm,0
1890,Iâm so,0
1891,bad at,1
1892,at reading,1
1893,reading physical,1
1894,physical books,0
1895,reading The,0
1896,the first,11
1897,first time,1
1898,time and,1
1899,is Lord,0
1900,Henry lmao,0
1901,lmao httpstcoHWURHuQr,0
1902,MarkRavenhill La,0
1903,La Cauntatrice,0
1904,Cauntatrice Chauve,0
1905,Chauve Ionesco,0
1906,Ionesco in,0
1907,in Paris,0
1908,Paris mid,0
1909,mid s,0
1910,I still,0
1911,still have,2
1912,the poster,1
1913,poster that,1
1914,that I,0
1915,I bought,0
1916,bought from,1
1917,the theatre,1
1918,theatre when,1
1919,I was,0
1920,was mesmerised,0
1921,Also Rupert,0
1922,Rupert Everett,0
1923,Everett in,0
1924,in The,0
1925,Gray at,0
1926,citizenstheatre when,1
1927,was He,0
1928,He was,0
1929,was staggering,0
1930,Currently reading,0
1931,Gray Iâm,0
1932,Iâm getting,0
1933,getting a,1
1934,a bit,3
1935,bit of,2
1936,a gay,2
1937,gay vibe,1
1938,vibe from,1
1939,from it,0
1940,it Not,0
1941,Not sure,0
1942,sure why,1
1943,why ðŸââï,0
1944,rewritehistory To,0
1945,To live,0
1946,live is,1
1947,is the,13
1948,the rarest,1
1949,rarest thing,1
1950,world Most,0
1951,Most people,0
1952,people exist,0
1953,exist that,0
1954,is all,0
1955,all Â,0
1956,Â the,0
1957,gray oscar,5
1958,wilde httpstcoZXxvFuWqDO,0
1959,lmanburgsux what,1
1960,what does,1
1961,does nf,0
1962,nf mean,0
1963,mean gen,0
1964,gen literally,0
1965,literally my,1
1966,my go,1
1967,go to,1
1968,to is,1
1969,just gon,0
1970,na be,0
1971,be mbs,0
1972,mbs but,0
1973,I also,0
1974,also got,1
1975,got back,1
1976,back into,1
1977,into reading,1
1978,reading by,1
1979,by reading,1
1980,reading classics,1
1981,classics and,1
1982,and would,1
1983,would recommend,1
1984,recommend like,0
1985,oh shit,0
1986,shit i,1
1987,i never,7
1988,never finished,1
1989,realufobros The,0
1990,princessajota I,0
1991,I thought,0
1992,thought yâall,0
1993,yâall were,0
1994,were kidding,4
1995,kidding but,4
1996,but man,4
1997,man Oscar,0
1998,Wilde kinda,0
1999,kinda went,4
2000,went off,4
2001,off with,4
2002,NOM tsoa,0
2003,ill give,0
2004,give you,1
2005,you the,2
2006,the sun,0
2007,the mistake,0
2008,Flurry listening,0
2009,listening politely,1
2010,politely to,1
2011,me reading,1
2012,Gray to,0
2013,him and,1
2014,and mispronouncing,1
2015,mispronouncing too,1
2016,too many,1
2017,many words,1
2018,words ÎãƒâãƒÙ,0
2019,ÎãƒâãƒÙ httpstcoOHQDJEQan,0
2020,onyforthebrave âThe,0
2021,âThe Picture,0
2022,Dorian Grayâ,0
2023,hiiii iâm,0
2024,iâm winnie,0
2025,winnie D,0
2026,D new,0
2027,booktwt looking,0
2028,for mutuals,1
2029,â the,0
2030,â they,0
2031,they both,2
2032,both die,2
2033,die at,2
2034,the end,0
2035,â crush,0
2036,crush by,1
2037,by richard,1
2038,richard siken,1
2039,â six,0
2040,â kafka,0
2041,pleeease rt,1
2042,rt or,1
2043,or like,1
2044,mutuals mwah,1
2045,mwah lt,0
2046,for u,0
2047,u ðŸŠ,0
2048,gray has,1
2049,has BIG,0
2050,BIG abo,0
2051,abo vibes,0
2052,vibes all,0
2053,all of,4
2054,it the,1
2055,the whole,1
2056,whole book,0
2057,jimmyfallon The,0
2058,The Dick,0
2059,Dick Picture,0
2060,done with,1
2061,with The,0
2062,Wilde httpstcoaDtUJuqk,0
2063,iâm annotating,0
2064,annotating perks,1
2065,perks of,2
2066,being a,2
2067,a wallflower,1
2068,wallflower for,1
2069,for them,1
2070,them and,1
2071,and theyâre,0
2072,theyâre annotating,0
2073,annotating the,1
2074,for me,2
2075,me httpstcohEWVZSXJi,0
2076,just started,0
2077,started reading,1
2078,gray httpstcoBtoVBFMP,0
2079,ClyFer If,0
2080,If true,0
2081,true The,0
2082,The heart,0
2083,heart hides,1
2084,hides terrible,1
2085,terrible things,0
2086,things A,0
2087,A good,0
2088,good illustration,1
2089,illustration is,1
2090,Wilde You,0
2091,You have,0
2092,have to,5
2093,to know,1
2094,know beyond,1
2095,beyond the,1
2096,the surface,0
2097,haoslvr wonwoo,1
2098,wonwoo would,1
2099,be reading,2
2100,reading a,1
2101,a classic,2
2102,classic i,1
2103,think so,1
2104,maybe something,1
2105,something like,2
2106,like peide,1
2107,peide and,1
2108,prejudice or,1
2109,some reason,1
2110,reason i,1
2111,i feel,2
2112,feel like,1
2113,like shua,1
2114,shua or,1
2115,or hao,1
2116,hao might,1
2117,might like,1
2118,like crime,1
2119,crime so,1
2120,maybe sherlock,0
2121,sherlock or,0
2122,or something,1
2123,of us,1
2124,us is,1
2125,is lying,0
2126,REPUTATIONLT Just,0
2127,Just rereading,0
2128,rereading âœthe,0
2129,âœthe picture,0
2130,Grayâ by,0
2131,Wilde while,0
2132,while iâm,0
2133,iâm waiting,0
2134,waiting on,1
2135,on a,3
2136,a series,1
2137,series of,1
2138,of books,1
2139,to arrive,1
2140,arrive in,1
2141,a day,1
2142,day or,1
2143,or two,0
2144,THE NUDE,0
2145,NUDE PICTURE,0
2146,PICTURE OF,0
2147,OF DORIAN,0
2148,DORIAN GRAY,0
2149,GRAY IN,0
2150,IN DORIAN,0
2151,DORIAN GAY,0
2152,GAY IS,0
2153,IS CHANGING,0
2154,CHANGING OMG,0
2155,OMG ITS,0
2156,ITS FUCKING,0
2157,FUCKING CHANGING,0
2158,CHANGING OOMFIES,0
2159,OOMFIES BC,0
2160,BC HE,0
2161,HE WAS,0
2162,WAS A,0
2163,A BUTCH,0
2164,BUTCH SYBIL,0
2165,SYBIL YOOOOOOOOO,0
2166,YOOOOOOOOO WHAT,0
2167,WHAT THE,0
2168,THE FUCK,0
2169,FUCK THIS,0
2170,THIS IS,0
2171,IS LITERALLY,0
2172,LITERALLY DORIAN,0
2173,AmunetIves âœThe,0
2174,âœThe only,0
2175,only way,11
2176,way to,11
2177,get rid,11
2178,rid of,11
2179,a temptation,11
2180,temptation is,11
2181,is to,13
2182,to yield,11
2183,yield to,11
2184,to it,0
2185,it Resist,0
2186,Resist it,0
2187,and your,11
2188,your soul,12
2189,soul grows,11
2190,grows sick,11
2191,sick with,11
2192,with longing,11
2193,longing for,11
2194,the thingsâ,0
2195,TheSurrealAri Hallwardâs,0
2196,Hallwardâs picture,0
2197,is considered,2
2198,considered by,2
2199,by many,2
2200,many the,2
2201,the ultimate,2
2202,ultimate achievement,0
2203,achievement yet,0
2204,yet his,2
2205,his protege,2
2206,protege always,2
2207,always thought,2
2208,thought there,2
2209,there wâ,0
2210,the Dorian,0
2211,Gray it,0
2212,it has,2
2213,has faded,1
2214,faded from,1
2215,from my,1
2216,my head,1
2217,head now,0
2218,something inelegant,1
2219,inelegant about,1
2220,about giving,1
2221,giving immortality,1
2222,immortality to,1
2223,someone else,0
2224,The young,0
2225,young artist,1
2226,artist stared,1
2227,stared into,1
2228,into the,2
2229,the mirror,1
2230,mirror and,1
2231,and began,1
2232,began his,1
2233,his self,1
2234,self portrait,0
2235,portrait vss,0
2236,vss SciFanSat,0
2237,âœNowadays people,0
2238,people know,4
2239,know the,4
2240,the price,4
2241,price of,4
2242,of everything,4
2243,everything and,4
2244,the value,4
2245,value of,4
2246,of nothingâ,0
2247,Enjoy Actordirector,0
2248,Actordirector James,0
2249,James Warwicks,0
2250,Warwicks Earphones,0
2251,Earphones Award,0
2252,Award winning,0
2253,winning rendition,1
2254,rendition of,1
2255,of THE,0
2256,THE PICTURE,0
2257,GRAY his,0
2258,his thrilling,1
2259,thrilling reading,1
2260,reading of,1
2261,of Agatha,0
2262,Agatha Christies,0
2263,Christies THE,0
2264,THE MYSTERIOUS,0
2265,MYSTERIOUS AFFAIR,0
2266,AFFAIR AT,0
2267,AT STYLES,0
2268,STYLES and,0
2269,his nuanced,1
2270,nuanced take,1
2271,take on,1
2272,on THE,0
2273,THE GOSPEL,0
2274,GOSPEL ACCORDING,0
2275,ACCORDING TO,0
2276,TO ST,0
2277,ST MARK,0
2278,SHOP httpstcooJpzykBev,0
2279,httpstcooJpzykBev httpstcoGyOOGgo,0
2280,Narrylifer they,0
2281,end pride,0
2282,prejudice the,0
2283,gray the,106
2284,the perks,1
2285,wallflower feet,0
2286,feet apart,0
2287,mediciineva the,1
2288,gray because,1
2289,because i,3
2290,love it,2
2291,moogyoza Kinda,0
2292,Kinda like,0
2293,like The,0
2294,ever since,0
2295,since i,2
2296,literally CAN,0
2297,CAN NOT,0
2298,NOT stop,0
2299,stop thinking,1
2300,thinking about,1
2301,and hyunjins,1
2302,hyunjins skz,1
2303,skz player,1
2304,player gives,1
2305,gives me,1
2306,me such,1
2307,such dorian,1
2308,gray vibes,1
2309,vibes likeâ,0
2310,likeâ literally,0
2311,literally everything,1
2312,everything about,1
2313,it reminds,1
2314,reminds of,1
2315,the book,6
2316,book ðŸ,0
2317,Kinda wan,0
2318,na read,0
2319,altgirl alternativegirl,0
2320,alternativegirl altfashion,0
2321,altfashion redhair,0
2322,redhair httpstcoUdAZyqeE,0
2323,leoninethings Seeing,0
2324,Seeing The,0
2325,Gray just,0
2326,just made,1
2327,me realise,1
2328,realise I,0
2329,I should,0
2330,should be,1
2331,it rnðŸ,0
2332,goodreads My,0
2333,My past,0
2334,past trauma,3
2335,trauma and,3
2336,and mistakes,0
2337,mistakes Oh,0
2338,Oh but,0
2339,but in,3
2340,in terms,3
2341,terms of,3
2342,books I,0
2343,I plan,0
2344,plan to,3
2345,to continue,3
2346,continue reading,3
2347,jadi pengen,0
2348,pengen reread,0
2349,reread the,2
2350,gray httpstcoWQHOJdwJE,0
2351,theiaisos When,0
2352,When we,0
2353,we are,6
2354,are happy,0
2355,are always,2
2356,always good,0
2357,Zucchero Volo,0
2358,just bought,1
2359,bought the,0
2360,gray yay,0
2361,does anyone,0
2362,anyone wan,0
2363,na buddy,0
2364,buddy read,1
2365,with me,1
2366,hmophobia itâs,0
2367,itâs oscar,0
2368,my beloved,0
2369,digitalurn Forever,0
2370,Forever and,0
2371,and ever,0
2372,ever If,0
2373,If he,0
2374,he has,2
2375,has a,3
2376,a soul,1
2377,soul itâs,0
2378,itâs the,0
2379,Acyn Instead,0
2380,Instead of,0
2381,picture getting,1
2382,getting ugly,1
2383,ugly and,4
2384,the president,1
2385,president staying,1
2386,staying young,1
2387,young looking,1
2388,looking itâs,0
2389,itâs reverse,0
2390,reverse Dorian,0
2391,picture is,1
2392,is staying,1
2393,staying good,1
2394,good looking,1
2395,looking and,1
2396,the X,0
2397,X president,0
2398,president is,1
2399,is looking,1
2400,looking ugly,0
2401,lifentroverted Lord,0
2402,Henry Wotten,0
2403,Wotten from,0
2404,While the,0
2405,the words,1
2406,words mean,1
2407,mean different,1
2408,different things,0
2409,things distinguishing,0
2410,distinguishing between,1
2411,between a,1
2412,a tragic,1
2413,tragic event,1
2414,event and,1
2415,a tragedy,1
2416,tragedy is,1
2417,is difficult,1
2418,difficult in,1
2419,in times,1
2420,times when,1
2421,when the,1
2422,the scale,1
2423,scale of,1
2424,of human,1
2425,human loss,1
2426,loss and,1
2427,and human,1
2428,human failure,1
2429,failure boggle,1
2430,boggle the,1
2431,the mind,0
2432,writing httpstcoViUPdXEu,0
2433,sluttypuppy i,0
2434,really like,1
2435,like fiction,1
2436,fiction books,0
2437,books some,0
2438,favorite books,1
2439,books in,1
2440,in general,1
2441,general are,1
2442,are The,0
2443,The Red,0
2444,Red Queen,0
2445,Queen seriesfantasy,0
2446,seriesfantasy The,0
2447,Gray classic,0
2448,classic Salt,0
2449,Salt to,0
2450,the Sea,0
2451,Sea historical,0
2452,historical fiction,0
2453,fiction and,0
2454,and The,0
2455,The Glass,0
2456,Glass Castle,0
2457,Castle memoir,0
2458,Buzzersplace Angela,0
2459,Angela Lansbury,0
2460,Lansbury and,0
2461,and Hurd,0
2462,Hurd Hatfield,0
2463,Hatfield in,0
2464,a publicity,16
2465,publicity shot,16
2466,shot for,16
2467,for The,0
2468,Gray httpstcokfYuihrhK,0
2469,The adaptation,0
2470,adaptation of,2
2471,of The,0
2472,best because,1
2473,because its,0
2474,its the,0
2475,one where,1
2476,the actual,1
2477,actual picture,1
2478,picture doesnt,0
2479,doesnt suck,0
2480,xnarcissismx ââââª,0
2481,ââââª Ù,0
2482,Ù ðððˆðððŽðððð,0
2483,ðððˆðððŽðððð ËË,0
2484,ËË ðððð,0
2485,â I,0
2486,have given,2
2487,given away,1
2488,away my,1
2489,my whole,1
2490,whole soul,1
2491,soul to,1
2492,who treats,1
2493,treats it,1
2494,it as,1
2495,it were,1
2496,a flower,1
2497,flower to,1
2498,to put,1
2499,put inâ,0
2500,prismthighs it,1
2501,it does,1
2502,does look,1
2503,look so,2
2504,so good,1
2505,but also,1
2506,also random,1
2507,random but,1
2508,but is,1
2509,is that,2
2510,gray one,1
2511,my fave,1
2512,fave books,1
2513,books hehe,0
2514,Prompt An,0
2515,An aesthetic,0
2516,aesthetic photoset,1
2517,photoset based,1
2518,based on,3
2519,on The,0
2520,gray which,1
2521,which i,1
2522,i dont,1
2523,dont really,1
2524,read vs,1
2525,vs my,1
2526,fav fanfic,1
2527,fanfic pls,0
2528,pls httpstcogeIfrCBFs,0
2529,Somewhere your,0
2530,your portrait,1
2531,portrait growing,1
2532,growing monstrously,1
2533,monstrously hideous,0
2534,hideous You,0
2535,You canât,0
2536,canât hide,0
2537,hide who,1
2538,who you,1
2539,are for,1
2540,for much,1
2541,much longer,0
2542,longer Youâve,0
2543,Youâve already,0
2544,already been,1
2545,been exposed,1
2546,exposed and,1
2547,will snatch,1
2548,snatch the,1
2549,the veil,1
2550,veil off,1
2551,off The,0
2552,im bored,0
2553,bored im,1
2554,im gon,0
2555,gray bye,0
2556,keeohB Reading,0
2557,Reading I,0
2558,recommend The,0
2559,BarackObama My,0
2560,My next,0
2561,next book,1
2562,book club,1
2563,club meeting,1
2564,meeting is,1
2565,is in,34
2566,in person,0
2567,person not,0
2568,not via,1
2569,via Zoom,0
2570,Zoom and,0
2571,that will,1
2572,will be,2
2573,be enjoyable,0
2574,its a,1
2575,a Victorian,0
2576,Victorian book,0
2577,stephanfleet The,0
2578,The books,0
2579,books that,19
2580,world calls,11
2581,calls immoral,9
2582,immoral are,9
2583,are books,9
2584,that show,9
2585,show the,10
2586,world its,9
2587,its own,9
2588,own shameâ,0
2589,Wilde in,0
2590,ve Oscar,0
2591,Gray httpstcoSQVneXn,0
2592,âœTo get,0
2593,get back,1
2594,back ones,0
2595,ones youth,0
2596,youth one,1
2597,one has,2
2598,has merely,1
2599,merely to,1
2600,to repeat,1
2601,repeat ones,0
2602,ones folliesâ,0
2603,folliesâ Oscar,0
2604,New books,0
2605,books from,1
2606,WaterstonesNG ðŸœ,0
2607,ðŸœ The,0
2608,The Ten,0
2609,Ten Thousand,0
2610,Thousand Doors,0
2611,Doors of,0
2612,of January,0
2613,January â,0
2614,â Brave,0
2615,Brave New,0
2616,New World,0
2617,World â,0
2618,â Shadow,0
2619,Shadow and,0
2620,and Bone,0
2621,Bone â,0
2622,Jar â,0
2623,Gray â,0
2624,The Invisible,0
2625,Invisible Life,0
2626,Life of,0
2627,of Addie,0
2628,Addie LaRue,0
2629,LaRue httpstcoSMlpStdpu,0
2630,working on,2
2631,on converting,1
2632,converting over,1
2633,over Oscar,0
2634,Wildes The,0
2635,to an,1
2636,an Epub,0
2637,Epub for,0
2638,my class,1
2639,class httpstconJTkOH,0
2640,melocean wuthering,0
2641,wuthering heights,2
2642,heights von,1
2643,von emily,1
2644,emily brontÃ,0
2645,brontÃ the,0
2646,gray von,1
2647,von oscar,1
2648,wilde amp,0
2649,amp hamlet,0
2650,hamlet von,1
2651,von shakespeare,1
2652,shakespeare ðŸ,0
2653,Alfonzowords âœ,0
2654,âœ You,0
2655,me I,0
2656,all the,17
2657,the sins,12
2658,sins you,12
2659,you never,12
2660,never had,11
2661,had the,11
2662,the courage,12
2663,courage to,12
2664,to commitâ,0
2665,Wilde Thâ,0
2666,WritingCommunity Writerslift,0
2667,Writerslift httpstcoLQsrYDabNJ,0
2668,rl oh,0
2669,oh is,0
2670,it too,1
2671,much to,1
2672,to say,3
2673,say that,2
2674,are kindred,1
2675,kindred spirits,0
2676,spirits for,0
2677,for Oscar,0
2678,Wildes works,0
2679,works always,1
2680,always tug,1
2681,tug at,1
2682,at my,2
2683,my heartstrings,1
2684,heartstrings as,1
2685,as well,1
2686,well I,0
2687,I dare,0
2688,dare to,1
2689,that The,0
2690,Gray may,0
2691,may be,2
2692,be my,1
2693,my most,1
2694,most favorite,1
2695,favorite novel,1
2696,novel ever,0
2697,ever I,0
2698,I mean,0
2699,mean isnt,0
2700,isnt I,0
2701,was dominated,1
2702,dominated soul,0
2703,soul brain,0
2704,brain and,0
2705,and power,1
2706,power by,1
2707,by you,0
2708,you or,0
2709,or cont,0
2710,FrankKane It,0
2711,It would,0
2712,would end,1
2713,end up,1
2714,up like,1
2715,Gray nice,0
2716,nice pup,1
2717,pup and,1
2718,and then,2
2719,then turns,1
2720,turns into,1
2721,into an,1
2722,an evil,1
2723,evil monsterðŸðŸª,0
2724,M verdict,0
2725,verdict reversed,1
2726,reversed after,1
2727,after lawyer,1
2728,lawyer calls,1
2729,calls makers,1
2730,makers of,1
2731,of tobacco,1
2732,tobacco soulless,0
2733,soulless enterprise,0
2734,enterprise of,1
2735,of death,0
2736,death The,0
2737,The improper,0
2738,improper argument,1
2739,argument included,1
2740,included references,1
2741,references to,1
2742,to George,0
2743,George Orwellâs,0
2744,Orwellâs dystopian,0
2745,dystopian novel,1
2746,novel and,1
2747,Wildeâs book,0
2748,book The,0
2749,httpstcoFIkCEKNVc via,0
2750,RMSolitayre this,0
2751,is basically,1
2752,basically The,0
2753,but Pauline,0
2754,Pauline is,0
2755,is out,1
2756,out partying,1
2757,partying and,1
2758,and drinking,1
2759,drinking and,1
2760,and fucking,1
2761,fucking ladies,0
2762,ladies and,0
2763,and Donkey,0
2764,Donkey Kongs,0
2765,Kongs in,0
2766,attic under,1
2767,under a,1
2768,a sheet,0
2769,munfess The,0
2770,Wilde Those,0
2771,Those two,0
2772,two are,1
2773,are definitely,1
2774,definitely the,1
2775,the toptier,0
2776,toptier when,0
2777,when it,1
2778,it comes,1
2779,comes to,1
2780,to making,1
2781,making my,1
2782,my mien,1
2783,mien softly,1
2784,softly melts,1
2785,melts into,1
2786,the reminiscent,1
2787,reminiscent of,1
2788,of an,1
2789,an old,1
2790,old love,1
2791,love story,0
2792,story the,0
2793,the vintage,1
2794,vintage rendezvous,1
2795,rendezvous that,1
2796,that once,1
2797,once was,1
2798,was happening,1
2799,happening in,1
2800,a certain,1
2801,certain place,0
2802,place â,0
2803,Wilde httpstcoObjThHdb,0
2804,gray taught,1
2805,taught me,1
2806,me that,1
2807,that having,1
2808,having a,1
2809,a black,1
2810,black an,1
2811,an white,1
2812,white film,1
2813,film show,1
2814,show a,1
2815,a few,1
2816,few well,1
2817,well timed,1
2818,timed moments,1
2819,moments of,1
2820,of color,1
2821,color makes,1
2822,a more,1
2823,more effective,1
2824,effective jumpscare,1
2825,jumpscare than,1
2826,than of,1
2827,of contemporary,1
2828,contemporary horror,1
2829,horror movies,0
2830,leafmnt not,1
2831,not sure,2
2832,sure if,1
2833,u are,2
2834,are into,1
2835,classics but,1
2836,but recently,1
2837,recently i,1
2838,and itâs,0
2839,itâs phenomenal,0
2840,phenomenal for,1
2841,me at,1
2842,at least,1
2843,darkmacademia The,0
2844,Gray original,0
2845,original manuscript,2
2846,manuscript hand,2
2847,hand written,2
2848,written by,2
2849,Wilde httpstcovhyXPxqVA,0
2850,catclawtheatre The,0
2851,its your,0
2852,your car,0
2853,âœthere is,0
2854,a luxury,1
2855,luxury in,1
2856,in selfreproach,0
2857,selfreproach when,0
2858,when we,3
2859,we blame,1
2860,blame ourselves,1
2861,ourselves we,1
2862,feel that,1
2863,that no,1
2864,no one,2
2865,one else,1
2866,else has,1
2867,a right,1
2868,right to,1
2869,to blame,1
2870,blame us,0
2871,us it,0
2872,the confession,0
2873,confession not,0
2874,not the,1
2875,the priest,0
2876,priest that,0
2877,that gives,1
2878,gives us,1
2879,us absolutionâ,0
2880,pls never,0
2881,never let,1
2882,let a,1
2883,man read,1
2884,Gray he,0
2885,he will,1
2886,will read,1
2887,read this,2
2888,this and,2
2889,and it,2
2890,it will,2
2891,be Bad,0
2892,literarybase Picture,0
2893,The Catcher,0
2894,Catcher in,0
2895,the Rye,0
2896,goldenbordersz Iâm,0
2897,Iâm currently,0
2898,Iâm gon,0
2899,read Norwegian,0
2900,Norwegian Wood,0
2901,Wood next,0
2902,next Besides,0
2903,Besides those,0
2904,those I,0
2905,can recommend,1
2906,recommend the,3
2907,the sky,1
2908,sky is,1
2909,is everywhere,1
2910,everywhere and,1
2911,the gentlemanâs,0
2912,gentlemanâs guide,0
2913,guide to,1
2914,to Vice,0
2915,Vice and,0
2916,and virtue,0
2917,just got,0
2918,got pride,1
2919,prejudice and,1
2920,a charity,1
2921,charity shop,1
2922,shop for,1
2923,for Â,0
2924,Â each,0
2925,each pos,0
2926,pause now,0
2927,that ive,1
2928,ive reread,1
2929,gray im,1
2930,im changing,1
2931,changing my,1
2932,my pinned,0
2933,One at,0
2934,end the,0
2935,Gray x,0
2936,x Wide,0
2937,Wide a,0
2938,classic philosophical,1
2939,philosophical talefable,0
2940,talefable About,0
2941,About vanity,0
2942,vanity and,1
2943,and selfimduldgenceâïâïâïfor,0
2944,selfimduldgenceâïâïâïfor the,0
2945,the curious,1
2946,curious mindâïâïRead,0
2947,mindâïâïRead and,0
2948,and discover,1
2949,the power,1
2950,power of,1
2951,of fictionðŸŒðŸŒ,0
2952,WorkersPartyGB One,0
2953,One of,0
2954,them is,1
2955,is starting,1
2956,starting to,1
2957,to look,2
2958,look like,2
2959,the stick,1
2960,stick from,1
2961,from Dorian,0
2962,the cover,2
2963,cover is,1
2964,so pretty,1
2965,pretty hehe,1
2966,hehe i,1
2967,i also,2
2968,also wanted,1
2969,to show,2
2970,show off,1
2971,off the,3
2972,the bookmark,1
2973,bookmark i,1
2974,got given,1
2975,given for,1
2976,for free,2
2977,free when,1
2978,when i,8
2979,i went,2
2980,went to,1
2981,gay bookstore,1
2982,bookstore httpstcoJGxFAdUz,0
2983,Wilde httpstcoWrMvOpI,0
2984,theiaisos each,0
2985,one loves,0
2986,only time,1
2987,has ever,1
2988,ever loved,0
2989,lessthan i,0
2990,i didnt,1
2991,didnt finish,0
2992,gray yet,0
2993,yet maybe,0
2994,maybe that,1
2995,that ðŸ,0
2996,My love,0
2997,love of,1
2998,of classics,1
2999,classics continued,1
3000,continued and,1
3001,I picked,0
3002,picked up,2
3003,up the,2
3004,Gray next,0
3005,The genre,0
3006,genre isnt,0
3007,isnt really,0
3008,really my,1
3009,my type,0
3010,type but,0
3011,really admired,1
3012,admired Oscar,0
3013,Wildes exquisite,0
3014,exquisite writing,1
3015,Ps I,0
3016,and Emma,0
3017,Emma online,0
3018,online for,1
3019,free on,1
3020,on internet,1
3021,internet archives,0
3022,Recommended httpstcoOkIxkro,0
3023,Gray Chiltern,0
3024,Classic by,0
3025,Last access,0
3026,access user,0
3027,Last server,0
3028,server checked,1
3029,checked Minutes,0
3030,Minutes ago,0
3031,Wilde PDF,0
3032,PDF EBOOK,0
3033,EBOOK EPUB,0
3034,EPUB MOBI,0
3035,MOBI Kindle,0
3036,Oscar Wild,0
3037,Wild httpstcogaqPvSbC,0
3038,koshasavla The,0
3039,gregstevens I,0
3040,I immediately,0
3041,immediately thought,1
3042,thought âœThe,0
3043,Grayâ but,0
3044,but yes,0
3045,yes all,0
3046,Starting the,0
3047,Grayâ lets,0
3048,lets see,1
3049,see if,1
3050,if its,1
3051,its giving,1
3052,giving httpstcorDcSvWKqU,0
3053,ClassicMovieHub As,0
3054,As Lord,0
3055,Wotton in,0
3056,Gray httpstcoYnUnjvI,0
3057,gothficbot When,0
3058,When one,0
3059,in love,1
3060,love one,0
3061,one always,8
3062,always begins,4
3063,begins by,4
3064,by deceiving,8
3065,deceiving ones,0
3066,ones self,0
3067,self and,0
3068,always ends,4
3069,ends by,4
3070,deceiving others,0
3071,others That,0
3072,That is,0
3073,is what,4
3074,what theâ,0
3075,robotdylan My,0
3076,My son,0
3077,son wants,1
3078,wants to,1
3079,Gray That,0
3080,so cool,0
3081,artinstitutechi Only,0
3082,Only color,0
3083,color shot,1
3084,shot in,1
3085,in an,1
3086,an otherwise,1
3087,otherwise BW,0
3088,BW movie,0
3089,movie The,0
3090,thxrbruce itâs,0
3091,itâs amazing,0
3092,amazing if,0
3093,you enjoyed,1
3094,enjoyed frankenstein,1
3095,frankenstein youâll,0
3096,youâll love,0
3097,love the,2
3098,read frankie,1
3099,frankie first,1
3100,first and,1
3101,then dorian,0
3102,senoritaevans yeah,1
3103,yeah frankenstein,1
3104,frankenstein took,1
3105,took me,1
3106,me a,1
3107,bit to,1
3108,get into,1
3109,into lol,0
3110,lol i,0
3111,i own,1
3112,own a,1
3113,a copy,1
3114,but i,9
3115,i havenât,0
3116,havenât gotten,0
3117,gotten around,1
3118,around to,1
3119,to reading,1
3120,it im,0
3121,im planning,1
3122,planning on,1
3123,on it,1
3124,it though,0
3125,though ive,0
3126,ive heard,1
3127,heard good,1
3128,good things,0
3129,thxrbruce ive,1
3130,ive only,1
3131,only read,1
3132,read frankenstein,1
3133,frankenstein out,1
3134,out of,1
3135,of all,2
3136,them i,0
3137,i somewhat,1
3138,somewhat enjoyed,1
3139,it itâs,0
3140,itâs different,0
3141,different than,1
3142,than what,1
3143,im used,1
3144,used to,1
3145,to but,1
3146,enjoyed the,1
3147,the gothic,1
3148,gothic vibe,0
3149,vibe the,0
3150,is another,1
3151,another personal,1
3152,personal fave,0
3153,âœThere is,0
3154,talked aboutâ,0
3155,I admit,0
3156,admit that,1
3157,that my,1
3158,my knowledge,1
3159,knowledge of,1
3160,this topic,2
3161,topic is,1
3162,is actually,2
3163,actually quite,1
3164,quite shallow,0
3165,shallow But,0
3166,But well,0
3167,well the,0
3168,the topic,1
3169,topic of,1
3170,of gender,1
3171,gender and,1
3172,and identity,1
3173,identity is,1
3174,actually not,1
3175,not a,1
3176,a new,2
3177,new thing,0
3178,thing We,0
3179,We can,0
3180,can find,1
3181,find this,1
3182,topic in,1
3183,in classic,1
3184,classic works,1
3185,works like,1
3186,like Wildeâs,0
3187,Wildeâs The,0
3188,Gray httpstcoERLFqNO,0
3189,Im watching,0
3190,watching the,1
3191,the movie,1
3192,movie is,1
3193,in black,1
3194,black and,1
3195,and white,1
3196,white but,1
3197,but when,1
3198,when they,1
3199,they show,1
3200,painting its,0
3201,its in,0
3202,in color,0
3203,color holy,0
3204,holy shit,0
3205,Wilde httpstcoblczSVhmq,0
3206,httpssapnap we,1
3207,the ants,1
3208,ants by,1
3209,by shaun,1
3210,shaun david,1
3211,david hutchinson,0
3212,hutchinson and,0
3213,and perfect,1
3214,perfect on,1
3215,on paper,0
3216,paper the,0
3217,the wicker,1
3218,wicker king,0
3219,king challenger,0
3220,challenger deep,0
3221,deep if,0
3222,villains the,0
3223,the binding,0
3224,binding you,0
3225,you should,1
3226,should see,1
3227,see me,1
3228,me in,1
3229,a crown,0
3230,crown a,0
3231,a separate,1
3232,separate peace,0
3233,peace and,0
3234,jstuuud u,1
3235,u know,1
3236,know i,1
3237,i get,2
3238,get why,1
3239,why the,1
3240,lot of,3
3241,of peopleâs,0
3242,peopleâs fave,0
3243,fave but,1
3244,to i,2
3245,i looooved,1
3246,looooved the,1
3247,being earnest,1
3248,earnest more,1
3249,but canât,0
3250,canât go,0
3251,go wrong,1
3252,wrong with,1
3253,with either,0
3254,Gray right,0
3255,right TNG,0
3256,TNG ManOfThePeople,0
3257,ManOfThePeople allstartrek,0
3258,Is the,0
3259,one on,1
3260,the right,1
3261,right The,0
3262,Gray httpstcoUZzwuOG,0
3263,writing authors,0
3264,authors Writer,0
3265,insaneppltweets Did,0
3266,Did this,0
3267,this same,1
3268,same thing,1
3269,thing with,1
3270,with a,1
3271,a pdf,1
3272,pdf of,1
3273,uncensored version,1
3274,gray bc,2
3275,bc I,0
3276,I didnt,0
3277,didnt want,1
3278,to sign,1
3279,sign up,1
3280,for a,2
3281,a subscription,1
3282,subscription for,1
3283,for one,1
3284,one pdf,0
3285,xosaandii HHAHAHAH,0
3286,jane eyre,1
3287,eyre ist,1
3288,ist auch,1
3289,auch so,1
3290,so gut,1
3291,gut the,1
3292,gray crime,0
3293,crime and,2
3294,and punishment,0
3295,punishment the,0
3296,history ever,0
3297,ever modern,0
3298,modern classic,0
3299,classic und,0
3300,und little,1
3301,little women,1
3302,women alles,1
3303,alles toll,0
3304,toll falls,0
3305,falls du,1
3306,du die,1
3307,die noch,1
3308,noch nicht,1
3309,nicht gelesen,1
3310,gelesen hast,0
3311,DaxGigandet Do,0
3312,Do you,0
3313,you have,3
3314,have a,1
3315,a Dorian,0
3316,Gray type,0
3317,type picture,1
3318,in your,1
3319,your attic,0
3320,attic Because,0
3321,Because I,0
3322,I swear,0
3323,swear in,1
3324,the last,2
3325,last couple,1
3326,of years,1
3327,years youve,0
3328,youve started,0
3329,started to,1
3330,look younger,1
3331,younger and,1
3332,and younger,0
3333,younger ðŸ,0
3334,DanielWhiteson There,0
3335,âœyou will,0
3336,me i,0
3337,i represent,12
3338,commitâ â,0
3339,I buy,0
3340,buy my,1
3341,my mansion,0
3342,Iâll invite,0
3343,invite the,1
3344,world to,1
3345,to stay,0
3346,So everyone,0
3347,everyone can,1
3348,A picture,0
3349,EdanClay The,0
3350,Finished reading,0
3351,reading Harry,0
3352,Harry Potter,0
3353,Potter and,0
3354,the Philosopherâs,0
3355,Philosopherâs Stone,0
3356,Stone and,0
3357,and Even,0
3358,Even though,0
3359,though there,1
3360,there is,7
3361,only pages,0
3362,pages I,0
3363,I actually,0
3364,actually have,1
3365,have been,1
3366,been motivated,1
3367,motivated to,1
3368,finish it,1
3369,in days,1
3370,days so,1
3371,so Iâm,0
3372,Iâm proud,0
3373,proud of,1
3374,of myself,0
3375,myself Hope,0
3376,Hope the,0
3377,the reading,1
3378,reading motivation,1
3379,motivation lingers,1
3380,lingers and,1
3381,and up,1
3382,up next,1
3383,next is,1
3384,silavm wuthering,0
3385,heights absolut,0
3386,absolut fav,0
3387,fav the,1
3388,gray a,0
3389,a moveable,1
3390,moveable feast,0
3391,feast norwegian,0
3392,norwegian wood,2
3393,wood amp,0
3394,amp alles,0
3395,alles an,1
3396,an shakespeare,1
3397,shakespeare und,1
3398,und jane,1
3399,jane austen,1
3400,austen englische,1
3401,englische literatur,0
3402,blazEWvsted The,0
3403,Whatâs a,0
3404,book everyone,1
3405,everyone âœreadâ,0
3406,âœreadâ in,0
3407,in school,1
3408,school that,1
3409,that you,1
3410,you didnât,0
3411,didnât but,0
3412,but still,1
3413,still reference,1
3414,reference often,0
3415,often Iâll,0
3416,Iâll start,0
3417,start The,0
3418,drbeard Oscar,0
3419,Gray best,0
3420,best book,0
3421,book cover,2
3422,cover ever,0
3423,ever httpstcolxoQYz,0
3424,Read Oscar,0
3425,Wilde as,0
3426,a junior,1
3427,junior in,1
3428,in high,1
3429,high school,0
3430,school canât,0
3431,canât really,0
3432,really move,1
3433,move how,1
3434,how much,1
3435,much the,1
3436,the Conceptual,0
3437,Conceptual introduction,0
3438,introduction to,1
3439,Gray stayed,0
3440,stayed with,1
3441,me and,1
3442,and my,2
3443,my memory,0
3444,memory Also,0
3445,Also we,0
3446,we have,1
3447,same birthday,0
3448,birthday I,0
3449,I canât,0
3450,canât get,0
3451,get much,1
3452,much more,1
3453,more effetetowardqueermale,0
3454,effetetowardqueermale in,0
3455,in my,2
3456,my thoughts,1
3457,thoughts amp,0
3458,amp mannerisms,0
3459,mannerisms httpstcoFRrrQnIt,0
3460,âœWhen one,0
3461,what the,4
3462,calls a,2
3463,a romanceâ,0
3464,deadacademics âœYou,0
3465,âœYou will,0
3466,Wilde Theâ,0
3467,fraveris The,0
3468,Wilde httpstcoAbjCmUBB,0
3469,Evelyns Blog,0
3470,Blog for,0
3471,for July,0
3472,July THE,0
3473,GRAY a,0
3474,a conversation,0
3475,conversation httpstcoYffIiAI,0
3476,but itâs,0
3477,itâs just,0
3478,just with,1
3479,with each,1
3480,each new,1
3481,new infographic,1
3482,infographic they,1
3483,they share,1
3484,share on,1
3485,on ig,1
3486,ig slowly,1
3487,slowly becomes,1
3488,becomes crowded,1
3489,crowded by,1
3490,by a,1
3491,new racist,1
3492,racist thing,1
3493,thing they,1
3494,they said,1
3495,said in,1
3496,the past,1
3497,past each,1
3498,Iâve Always,0
3499,Always Suspected,0
3500,Suspected âœThe,0
3501,Grayâ Was,0
3502,Was Based,0
3503,Based on,0
3504,on My,0
3505,My Life,0
3506,Life Now,0
3507,I Know,0
3508,Know It,0
3509,It Was,0
3510,pheresome How,0
3511,How to,0
3512,to Win,0
3513,Win Friends,0
3514,Friends amp,0
3515,amp Influence,0
3516,Influence People,0
3517,People The,0
3518,Gray after,0
3519,the key,1
3520,key properties,1
3521,properties of,1
3522,Dorian scale,0
3523,scale is,1
3524,is itâs,0
3525,itâs symmetrical,0
3526,symmetrical nature,0
3527,nature This,0
3528,This balance,0
3529,balance seems,1
3530,to mirror,1
3531,mirror the,1
3532,the darklight,0
3533,darklight balance,0
3534,balance of,1
3535,and person,1
3536,person in,1
3537,in Wildeâs,0
3538,Wildeâs Dorian,0
3539,Gray offering,0
3540,offering a,1
3541,a strong,1
3542,strong reason,1
3543,reason why,1
3544,why Wilde,0
3545,Wilde changed,0
3546,changed the,1
3547,the initial,1
3548,initial title,1
3549,title Phrygian,0
3550,Phrygian gray,0
3551,gray In,0
3552,In this,0
3553,this essay,1
3554,essay I,0
3555,ThereseTaylor Gray,0
3556,Gray was,0
3557,a creature,4
3558,creature of,4
3559,of polished,0
3560,polished reserve,0
3561,reserve There,0
3562,There are,0
3563,are many,4
3564,many references,4
3565,references in,4
3566,in memoirs,4
3567,memoirs of,4
3568,the period,4
3569,period to,4
3570,to his,4
3571,his masklike,0
3572,masklike counteâ,0
3573,dimmiebuccs The,0
3574,republishing the,0
3575,and making,1
3576,making the,1
3577,cover look,1
3578,a bestselling,0
3579,bestselling toxic,0
3580,toxic selfhelp,0
3581,selfhelp book,0
3582,book and,2
3583,and calling,1
3584,calling it,1
3585,it Be,0
3586,Be Gay,0
3587,Gay Do,0
3588,Do Crime,0
3589,pixiestrid The,0
3590,dorian grayâ,0
3591,grayâ is,0
3592,is such,1
3593,such a,1
3594,a good,2
3595,good book,1
3596,book wtf,0
3597,other stuff,0
3598,stuff i,1
3599,i like,7
3600,classic films,1
3601,films like,0
3602,like s,0
3603,sos taylor,0
3604,taylor swift,0
3605,swift idkhow,0
3606,idkhow mÃneskin,0
3607,mÃneskin hadestown,0
3608,hadestown the,1
3609,the musical,0
3610,so uh,0
3611,uh mutuals,0
3612,mutuals come,0
3613,come find,1
3614,find me,0
3615,AndyHessick Ah,0
3616,Ah the,0
3617,the âœPicture,0
3618,âœPicture of,0
3619,Grayâ power,0
3620,HellsKitt I,0
3621,have like,1
3622,like books,1
3623,books at,1
3624,at home,1
3625,home that,1
3626,should read,1
3627,read I,0
3628,think I,0
3629,I want,0
3630,read something,1
3631,something in,1
3632,in English,0
3633,English so,0
3634,so probably,1
3635,probably one,1
3636,the classics,1
3637,classics I,0
3638,have maybe,0
3639,maybe the,0
3640,srgntsnat the,1
3641,gray D,0
3642,The Shadow,0
3643,Shadow of,0
3644,the Wind,0
3645,The Bookseller,0
3646,Bookseller of,0
3647,of Kabul,0
3648,The Hunger,0
3649,Hunger Games,0
3650,Thereâs more,0
3651,more lmaoo,0
3652,lmaoo httpstcoJwqmXRshUw,0
3653,âœI knew,0
3654,knew nothing,1
3655,but shadows,1
3656,shadows and,1
3657,thought them,1
3658,them to,1
3659,be realâ,0
3660,Gray httpstcozXDsCSqA,0
3661,Gray again,0
3662,corrupted decrepit,0
3663,decrepit Dorian,0
3664,Dorian painted,0
3665,painted by,1
3666,by Ivan,0
3667,Ivan Albright,0
3668,Albright hangs,0
3669,hangs in,1
3670,the Art,0
3671,Art Institute,0
3672,Institute Chicago,0
3673,artinstitutechi httpstcozBkAaiUBW,0
3674,secundino The,0
3675,NathanMohri Atomic,0
3676,Atomic habits,0
3677,Thinking fast,0
3678,fast and,2
3679,and slow,2
3680,ladyoforien âœLive,0
3681,âœLive Live,0
3682,Live the,0
3683,the wonderful,28
3684,wonderful life,28
3685,life that,28
3686,in you,0
3687,you Let,0
3688,Let nothing,0
3689,nothing be,28
3690,be lost,28
3691,lost upon,28
3692,upon you,0
3693,you Be,0
3694,Be always,0
3695,always searching,28
3696,searching for,28
3697,for new,28
3698,new sensations,0
3699,sensations Be,0
3700,Be afâ,0
3701,NMamatas Madame,0
3702,Madame Bovary,0
3703,Bovary Flaubert,0
3704,Flaubert The,0
3705,DeeringRachel âœI,0
3706,âœI have,0
3707,have one,26
3708,one aimâthe,0
3709,aimâthe grotesque,0
3710,grotesque If,0
3711,If I,0
3712,am not,26
3713,not grotesque,0
3714,grotesque I,0
3715,am nothing,0
3716,Aubrey Beardsley,0
3717,Beardsley Art,0
3718,Art editor,0
3719,editor also,26
3720,also of,26
3721,The Yellow,0
3722,Yellow Bâ,0
3723,Knowledge would,0
3724,be fatal,0
3725,fatal It,0
3726,the uncertainty,1
3727,uncertainty that,1
3728,that charms,1
3729,charms one,0
3730,one A,0
3731,A mist,0
3732,mist makes,1
3733,makes things,1
3734,things wonderful,0
3735,HStylesPeru The,0
3736,gray PremiosMTVMIAW,0
3737,PremiosMTVMIAW MTVLAGLOBALGOLDEN,0
3738,MTVLAGLOBALGOLDEN MTVLACRUSHHARRY,0
3739,saturnmuses ARE,0
3740,ARE YOU,0
3741,YOU READINF,0
3742,READINF THE,0
3743,xoxoItsNotDan âœFin,0
3744,âœFin de,0
3745,de siÃªcleâ,0
3746,siÃªcleâ murmured,0
3747,murmured Lord,0
3748,âœFin du,0
3749,du globeâ,0
3750,globeâ answered,0
3751,answered his,6
3752,his hostess,0
3753,Gray Oscaâ,0
3754,goodreads The,0
3755,i kinda,0
3756,kinda wan,0
3757,dorian grayââ,0
3758,knowyourdevil âœIt,0
3759,âœIt is,0
3760,the stupid,1
3761,stupid and,1
3762,ugly who,1
3763,who have,1
3764,this worldâ,0
3765,worldâ Oscar,0
3766,favorite pastime,1
3767,pastime is,1
3768,is reading,1
3769,reading summaries,1
3770,summaries to,1
3771,to books,1
3772,and movies,1
3773,movies and,1
3774,i always,1
3775,always ALWAYS,0
3776,ALWAYS have,0
3777,to reread,1
3778,the summary,1
3779,summary to,1
3780,im like,1
3781,like wow,1
3782,wow this,1
3783,the moment,1
3784,moment i,1
3785,i tried,1
3786,tried to,1
3787,to actually,1
3788,actually read,1
3789,it i,1
3790,i was,6
3791,was like,1
3792,like ðŸðŸðŸ,0
3793,âœNothing can,0
3794,can cure,22
3795,cure the,22
3796,the soul,11
3797,soul but,11
3798,the senses,11
3799,senses just,0
3800,just as,11
3801,as nothing,11
3802,nothing can,11
3803,senses but,11
3804,the soulâ,0
3805,What is,0
3806,is healing,1
3807,healing your,1
3808,soul or,1
3809,or senses,1
3810,senses lately,0
3811,lately httpstcoyPkBIPn,0
3812,sarahjmarchese hey,0
3813,hey Iâd,0
3814,Iâd love,0
3815,love to,1
3816,to hear,1
3817,hear more,1
3818,more about,1
3819,about your,1
3820,your wip,1
3821,wip âºï,0
3822,âºï Iâm,0
3823,currently working,1
3824,a retelling,1
3825,retelling of,1
3826,MAMelby Similarly,0
3827,Similarly as,0
3828,as an,2
3829,an editor,1
3830,editor who,1
3831,who reads,1
3832,reads for,1
3833,a living,0
3834,living it,0
3835,it takes,1
3836,takes a,1
3837,of effort,1
3838,effort amp,0
3839,amp ENERGY,0
3840,ENERGY to,0
3841,to just,1
3842,just sit,1
3843,sit down,1
3844,down and,1
3845,and read,0
3846,read Then,0
3847,Then I,0
3848,to take,1
3849,take extreme,1
3850,extreme effort,1
3851,effort to,1
3852,to shut,1
3853,shut off,1
3854,the editor,1
3855,editor part,1
3856,brain This,0
3857,is why,1
3858,why I,0
3859,still havent,0
3860,havent finished,0
3861,finished The,0
3862,Gray its,0
3863,its been,0
3864,been years,1
3865,years of,1
3866,of trying,0
3867,psonfanblog Dracula,0
3868,Dracula Frankenstein,0
3869,Frankenstein Dr,0
3870,Dr Jekyll,0
3871,Jekyll and,0
3872,and Mr,0
3873,Mr Hyde,0
3874,Hyde The,0
3875,Gray Peter,0
3876,Peter Pan,0
3877,Pan Alice,0
3878,Alice in,0
3879,in Wonderland,0
3880,Wonderland Tom,0
3881,Tom Sawyer,0
3882,Sawyer Huckleberry,0
3883,Huckleberry Finn,0
3884,Finn A,0
3885,A Christmas,0
3886,Christmas Carol,0
3887,Carol ProdigalSon,0
3888,ProdigalSon SaveProdigalSon,0
3889,goodreads Oscar,0
3890,WolfgangReid The,0
3891,OwzyBrand Atomic,0
3892,Midnight prince,0
3893,Mini Book,0
3894,Book Review,0
3895,Review The,0
3896,by OscarÂWilde,0
3897,OscarÂWilde httpstcoqZzBsbHoY,0
3898,Leanne Dycks,0
3899,Dycks blog,0
3900,blog Book,0
3901,Wilde horror,0
3902,horror explores,0
3903,explores what,1
3904,what can,1
3905,can happen,1
3906,happen to,1
3907,a mans,0
3908,mans life,0
3909,life when,1
3910,when he,1
3911,is manipulated,1
3912,manipulated by,1
3913,the wrong,1
3914,wrong influence,0
3915,current read,0
3916,Wilde httpstcoHQeFLiOxi,0
3917,Im actually,0
3918,actually going,1
3919,again because,1
3920,Cursive Nothing,0
3921,Nothing can,0
3922,Oscar WildeÂThe,0
3923,WildeÂThe Picturâ,0
3924,gray httpstcoVSDrqcgOb,0
3925,AsteriiXx the,0
3926,la version,0
3927,version anglaise,0
3928,Classic book,0
3929,book recommendation,1
3930,recommendation No,0
3931,No The,0
3932,Summary from,0
3933,from Goodreads,0
3934,STUDY Anonymous,0
3935,Anonymous education,0
3936,education helpingothers,0
3937,helpingothers book,0
3938,book BookRecommendation,0
3939,BookRecommendation classic,0
3940,classic classicbooks,0
3941,classicbooks ThePictureofDorianGray,0
3942,ThePictureofDorianGray OscarWilde,0
3943,OscarWilde httpstcoxULcgDYCM,0
3944,plan on,1
3945,on making,1
3946,making a,1
3947,a film,1
3948,film adaptation,1
3949,Gray ðŸªðŸ,0
3950,MoviesTv SeriesBooksActors,0
3951,SeriesBooksActors etc,0
3952,ïHarry Potter,0
3953,ïDoctor Who,0
3954,ïJohnny Depp,0
3955,ïPicture of,0
3956,ïthe Phantom,0
3957,Phantom of,0
3958,the Opera,0
3959,ïPercy Jackson,0
3960,Jackson books,0
3961,ïTim Burton,0
3962,Burton movies,0
3963,ïThe Umbrella,0
3964,Umbrella Academy,0
3965,ïThe Crow,0
3966,Crow httpstcoPOGsLSxuB,0
3967,ganseylalablue so,0
3968,so my,58
3969,my copy,59
3970,Gray had,0
3971,had a,59
3972,a ugly,59
3973,ugly ass,59
3974,ass cover,59
3975,cover so,59
3976,so I,0
3977,I decided,0
3978,decided to,59
3979,to paint,59
3980,paint something,59
3981,something over,59
3982,over it,0
3983,it its,0
3984,not great,59
3985,great bâ,0
3986,On page,0
3987,page of,1
3988,of of,2
3989,Wilde httpstcouBPpoSO,0
3990,i bought,1
3991,bought âœthe,0
3992,grayâ bc,0
3993,bc of,1
3994,of velvetoscar,1
3995,velvetoscar and,1
3996,and âœyoung,0
3997,âœyoung and,0
3998,and beautifulâ,0
3999,beautifulâ and,0
4000,and âœgods,0
4001,âœgods and,0
4002,and monstersâ,0
4003,my brother,0
4004,brother was,1
4005,was looking,1
4006,looking at,1
4007,my books,1
4008,and of,3
4009,that caught,1
4010,caught his,1
4011,his interest,1
4012,interest enough,1
4013,enough to,1
4014,to start,1
4015,it he,1
4016,he picked,1
4017,picture pf,1
4018,pf dorian,1
4019,gray PLS,0
4020,PLS STOP,0
4021,THE WAR,0
4022,WAR CRIMINALS,0
4023,CRIMINALS PICTURE,0
4024,GRAY httpstcodhFZiba,0
4025,Be afraid,0
4026,afraid of,1
4027,agothiccookbook WyrdWednesday,0
4028,I dont,0
4029,dont want,0
4030,be at,11
4031,the mercy,11
4032,mercy of,11
4033,my emotions,0
4034,emotions I,0
4035,to use,11
4036,use them,0
4037,to enjoy,11
4038,enjoy them,0
4039,and to,11
4040,to dominate,11
4041,dominate thâ,0
4042,tedcruz For,0
4043,For Ted,0
4044,Ted Cruz,0
4045,Cruz ANY,0
4046,ANY attention,0
4047,attention even,0
4048,even if,5
4049,if negative,0
4050,negative will,0
4051,will suffice,0
4052,As Oscar,0
4053,Wilde duly,0
4054,duly noted,0
4055,WildeÂThe Picture,0
4056,gothficbot Experience,0
4057,Experience was,0
4058,was of,2
4059,no ethical,2
4060,ethical value,0
4061,value It,0
4062,It was,0
4063,was merely,2
4064,their mistakes,0
4065,Oscar Wâ,0
4066,ocjamesevans the,1
4067,and slytherin,0
4068,I remembered,0
4069,remembered that,1
4070,my senior,1
4071,senior year,1
4072,year of,1
4073,of HS,0
4074,HS and,0
4075,and INSTANTLY,0
4076,INSTANTLY I,0
4077,I knew,0
4078,knew that,1
4079,that was,1
4080,was the,2
4081,the blueprint,1
4082,blueprint for,1
4083,the gay,2
4084,gay recruiter,0
4085,recruiter trope,0
4086,trope Ive,0
4087,Ive shouldered,0
4088,shouldered ever,1
4089,IICARUSWLLS YES,0
4090,YES LET,0
4091,LET US,0
4092,US KNOW,0
4093,KNOW YOUR,0
4094,YOUR THOUGHTS,0
4095,THOUGHTS WHILE,0
4096,WHILE YOU,0
4097,YOU READ,0
4098,READ or,0
4099,or after,1
4100,after I,0
4101,I suppose,0
4102,suppose also,1
4103,also on,1
4104,Gray absolutely,0
4105,absolutely ADORE,0
4106,ADORE it,0
4107,Wilde ÂThe,0
4108,ÂThe Picture,0
4109,WyrdWednesday ðŸ,0
4110,ðŸ httpstcolxNxMPJMR,0
4111,drbeard I,0
4112,I reread,0
4113,reread everything,0
4114,everything every,2
4115,every year,2
4116,year for,2
4117,for teaching,0
4118,teaching Of,0
4119,Of those,0
4120,am always,2
4121,always delighted,2
4122,delighted to,2
4123,to revisit,0
4124,revisit Frankenstein,0
4125,Frankenstein Theâ,0
4126,Frankenstein The,0
4127,The Talented,0
4128,Talented Mr,0
4129,Mr Ripley,0
4130,Ripley Rebecca,0
4131,Rebecca A,0
4132,A Rage,0
4133,Rage in,0
4134,in Harlem,0
4135,Harlem The,0
4136,The Maltese,0
4137,Maltese Falcon,0
4138,Falcon The,0
4139,I would,0
4140,would guess,1
4141,guess the,1
4142,the latter,2
4143,latter is,1
4144,book I,0
4145,have reread,0
4146,reread most,0
4147,most in,1
4148,in life,0
4149,PunkyKubrick Oh,0
4150,Oh its,0
4151,its The,0
4152,Gray One,0
4153,the few,1
4154,few books,1
4155,books Ive,0
4156,Ive ever,0
4157,ever read,1
4158,more than,2
4159,than once,1
4160,once possibly,0
4161,possibly the,0
4162,one Ive,0
4163,than twice,0
4164,twice Recommend,0
4165,Recommend it,0
4166,to everyone,0
4167,lorraineelizab Otd,0
4168,Otd An,0
4169,An Post,0
4170,Postvox officially,0
4171,officially launched,3
4172,launched a,3
4173,a set,3
4174,set of,3
4175,of p,0
4176,p postage,0
4177,postage stamps,0
4178,stamps in,0
4179,in honour,3
4180,honour of,3
4181,of poet,3
4182,poet amp,0
4183,amp playwright,0
4184,playwright OscarWiâ,0
4185,masklike countenance,0
4186,countenance his,0
4187,his enigmatic,0
4188,enigmatic heavylidded,0
4189,heavylidded Mona,0
4190,Mona Lisa,0
4191,Lisa eyes,0
4192,eyes The,0
4193,The man,0
4194,who inspired,1
4195,inspired Picture,0
4196,Gray later,0
4197,later became,1
4198,became a,1
4199,a priest,0
4200,priest WyrdWednesday,0
4201,WyrdWednesday httpstcomMJuyUKNZ,0
4202,httpstcomMJuyUKNZ httpstcoBVsjOwlL,0
4203,Perhaps the,0
4204,the most,5
4205,most iconic,1
4206,iconic findesiÃcle,0
4207,findesiÃcle decadent,0
4208,decadent fiction,0
4209,fiction reimagined,0
4210,reimagined in,1
4211,in various,1
4212,various books,0
4213,books films,0
4214,films and,1
4215,and plays,0
4216,plays Which,0
4217,Which is,0
4218,your favourite,0
4219,favourite WyrdWednesday,0
4220,WyrdWednesday httpstcoxrudlJbeGn,0
4221,DowntownKeiraB The,0
4222,first book,2
4223,book that,2
4224,that really,2
4225,really took,2
4226,my breathe,2
4227,breathe away,2
4228,away and,2
4229,and made,2
4230,me understand,2
4231,understand the,2
4232,the nuances,2
4233,nuances and,2
4234,and reaches,2
4235,reaches with,2
4236,with literature,2
4237,literature was,2
4238,was Theâ,0
4239,was The,0
4240,Wilde it,0
4241,always stick,1
4242,stick with,1
4243,that vivid,1
4244,vivid moment,1
4245,moment of,1
4246,of realisation,1
4247,realisation in,1
4248,the school,1
4249,school library,1
4250,library httpstcobklfnIb,0
4251,Depicted above,0
4252,above the,0
4253,the title,1
4254,title card,1
4255,card of,1
4256,the original,90
4257,original print,1
4258,print of,1
4259,Gray amp,0
4260,amp Ivan,0
4261,Ivan Albrights,0
4262,Albrights Dorian,0
4263,Gray painting,0
4264,dominate them,0
4265,And a,0
4266,of Oscar,0
4267,Wilde not,0
4268,not as,0
4269,as far,1
4270,far as,1
4271,as we,1
4272,we know,0
4273,know by,0
4274,by Dorian,0
4275,Gray ðŸ,0
4276,ðŸ httpstcoRSzyiScGC,0
4277,TheAnthonyMark Ive,0
4278,got a,1
4279,a first,1
4280,first class,1
4281,class degree,1
4282,degree in,1
4283,wikivictorian Oscar,0
4284,Wilde maybe,0
4285,maybe getting,1
4286,getting inspired,1
4287,inspired to,1
4288,write The,0
4289,to commit,0
4290,Yellow Book,0
4291,Book which,0
4292,which appears,1
4293,appears in,1
4294,Gray as,0
4295,a publication,1
4296,publication that,1
4297,that influences,1
4298,influences Dorian,0
4299,Dorian WyrdWednesday,0
4300,WyrdWednesday httpstcoqSKdFEzk,0
4301,why is,0
4302,is no,1
4303,one talking,1
4304,talking about,1
4305,about orlando,1
4306,orlando like,1
4307,gray everyone,1
4308,everyone is,1
4309,like itâs,0
4310,gay book,1
4311,like IS,0
4312,IS but,0
4313,but orlando,1
4314,orlando is,1
4315,gay and,1
4316,and trans,1
4317,trans and,1
4318,and gnc,1
4319,gnc book,1
4320,book like,2
4321,itâs WILD,0
4322,neilhdg The,0
4323,TimGurung England,0
4324,England is,0
4325,the native,2
4326,native land,2
4327,land of,2
4328,of hypocrites,0
4329,hypocrites Oscar,0
4330,Ok hr,0
4331,hr plane,1
4332,plane flight,1
4333,flight in,1
4334,days I,0
4335,I havent,0
4336,havent been,0
4337,been on,1
4338,a plane,1
4339,plane in,1
4340,in so,2
4341,so long,1
4342,long maybe,1
4343,maybe i,1
4344,can read,1
4345,Gray since,0
4346,i wobt,1
4347,wobt have,1
4348,have internet,1
4349,internet or,1
4350,or whatever,0
4351,and Immorality,0
4352,Immorality by,0
4353,vocalcreators httpstcoxrXzwwvei,0
4354,gray Oscar,0
4355,â â,0
4356,uncensored picture,1
4357,wilde httpstcoDPjDG,0
4358,unpacking our,0
4359,our books,0
4360,mine âœThe,0
4361,Grayâ all,0
4362,of Adichieâs,0
4363,Adichieâs works,0
4364,works Of,0
4365,Of Grammatology,0
4366,Grammatology etc,0
4367,Markâs httpstcofQCCsFkDq,0
4368,steelballrunner It,0
4369,It could,0
4370,could also,1
4371,also be,1
4372,a reference,1
4373,reference to,1
4374,as the,2
4375,the painter,1
4376,painter Basil,0
4377,Basil has,0
4378,a very,1
4379,very closeted,1
4380,closeted adoration,1
4381,adoration for,1
4382,for Dorian,0
4383,Dorian which,0
4384,which parallels,1
4385,parallels Tetsugoro,0
4386,Tetsugoro and,0
4387,and Sumios,0
4388,Sumios relationship,0
4389,Nowadays people,0
4390,of nothing,0
4391,the things,1
4392,things it,1
4393,has forbidden,1
4394,forbidden to,1
4395,to itself,0
4396,itself with,0
4397,with desire,1
4398,desire for,1
4399,for what,2
4400,what its,1
4401,its monstrous,1
4402,monstrous laws,1
4403,laws have,1
4404,have made,1
4405,made monstrous,1
4406,monstrous and,1
4407,and unlawfulâ,0
4408,gothficbot The,0
4409,own shame,0
4410,Oscar Wiâ,0
4411,Gray makes,0
4412,makes No,0
4413,No Sense,0
4414,Sense and,0
4415,and you,1
4416,are all,1
4417,all afraid,1
4418,afraid to,1
4419,say it,1
4420,it because,1
4421,because it,1
4422,is old,1
4423,old and,1
4424,and acclaimed,1
4425,acclaimed how,1
4426,how can,1
4427,can the,1
4428,man never,1
4429,never age,1
4430,age why,1
4431,why does,1
4432,does he,1
4433,he hide,1
4434,hide the,1
4435,just not,1
4436,not realistic,0
4437,Im currently,0
4438,I feel,0
4439,feel so,1
4440,so sophisticated,1
4441,sophisticated âœand,0
4442,âœand the,0
4443,the writing,1
4444,writing is,1
4445,is top,1
4446,top tierâœâœâœ,0
4447,âœbehind every,0
4448,tragicâ the,0
4449,or âœHe,0
4450,âœHe is,0
4451,is half,1
4452,half of,1
4453,soul as,0
4454,the poets,1
4455,poets sayâ,0
4456,sayâ the,0
4457,achilles i,1
4458,i know,3
4459,know that,1
4460,is basic,1
4461,itâs so,0
4462,so fucking,1
4463,fucking good,1
4464,good httpstcojvqRiYd,0
4465,seldonscott The,0
4466,The twitter,0
4467,twitter profile,1
4468,profile picture,1
4469,gaymorality Iâve,0
4470,Iâve heard,0
4471,heard about,1
4472,gray recently,0
4473,recently Whatâs,0
4474,Whatâs it,0
4475,it about,0
4476,OnlyACabbage Okay,0
4477,Okay but,0
4478,I showed,0
4479,showed mum,1
4480,mum amp,0
4481,first thing,1
4482,thing she,1
4483,she did,1
4484,did was,1
4485,was google,1
4486,google a,1
4487,show me,1
4488,me how,1
4489,how you,1
4490,you look,1
4491,look the,1
4492,same as,1
4493,as him,1
4494,him which,0
4495,which you,0
4496,you do,1
4497,do and,0
4498,and he,1
4499,he was,3
4500,was famous,1
4501,famous for,1
4502,being perfect,1
4503,perfect looking,1
4504,looking so,1
4505,so whatever,0
4506,jessesingal The,0
4507,Gray Henry,0
4508,lendo The,0
4509,Gray httpstcoXilVAUw,0
4510,httpstcoXilVAUw skoob,0
4511,Griff The,0
4512,wilde httpstcoQXvQAtVeC,0
4513,LOUISSOFT The,0
4514,Gray you,0
4515,do not,1
4516,to miss,1
4517,miss this,1
4518,this one,0
4519,im rereading,0
4520,rereading the,1
4521,gray httpstcomZxIFsqkM,0
4522,Reading The,0
4523,am speechless,0
4524,speechless httpstcoWbxPXjC,0
4525,ALSO THE,0
4526,I now,0
4527,now have,1
4528,have Don,0
4529,Don Quixote,0
4530,Quixote which,0
4531,I already,0
4532,already started,0
4533,started Crime,0
4534,Crime and,0
4535,and Punishment,0
4536,Punishment The,0
4537,first two,1
4538,two Stormlight,0
4539,Stormlight volumes,0
4540,volumes in,1
4541,my possession,1
4542,possession and,1
4543,and they,1
4544,they really,1
4545,really look,1
4546,look promising,0
4547,mannyszn Thinking,0
4548,ngelocouture my,0
4549,my villain,2
4550,villain origin,3
4551,origin story,3
4552,story is,3
4553,is gon,0
4554,be all,3
4555,the covers,3
4556,covers of,3
4557,most ugly,3
4558,and off,3
4559,off putting,3
4560,putting menâ,0
4561,ultjoel thank,1
4562,you ðŸðŸ,0
4563,ðŸðŸ the,0
4564,gray frankenstein,0
4565,frankenstein jane,0
4566,eyre and,1
4567,and misery,1
4568,misery lt,0
4569,Tatiana FairyTaleTuesday,0
4570,FairyTaleTuesday In,0
4571,In Oscar,0
4572,Wildes philosophical,0
4573,philosophical novel,7
4574,Gray Dorian,0
4575,Dorian is,0
4576,is named,7
4577,named Prince,0
4578,Prince Charminâ,0
4579,Marguerite GÃrard,0
4580,Artist Painting,0
4581,Painting a,0
4582,a Portrait,0
4583,Portrait of,0
4584,a Musician,0
4585,âšœðŸŽ httpstcoWBdoasRYy,0
4586,june reads,0
4587,reads âå,0
4588,children of,1
4589,of blood,1
4590,blood and,1
4591,and bone,1
4592,HorrorNHaunted The,0
4593,Gray httpstcojtZaWAHEAS,0
4594,honeybiblio Romeo,0
4595,Romeo and,0
4596,and Juliette,0
4597,Of mice,0
4598,mice and,2
4599,and men,0
4600,Lost Boys,0
4601,There we,0
4602,we others,1
4603,others but,1
4604,but these,1
4605,the ones,1
4606,ones I,0
4607,I enjoyed,0
4608,marcelinenjoyer hey,0
4609,hey im,0
4610,and im,2
4611,im not,2
4612,not quite,2
4613,quite sure,2
4614,sure how,2
4615,how twitter,2
4616,twitter and,3
4617,and all,2
4618,all moot,2
4619,moot thing,2
4620,thing works,2
4621,works but,2
4622,for moots,0
4623,some ofâ,0
4624,Prince Charming,0
4625,Charming by,0
4626,the actress,1
4627,actress Sibyl,0
4628,Sibyl Vane,0
4629,Vane Dorian,0
4630,Dorian rejects,0
4631,rejects her,1
4632,her when,1
4633,when she,1
4634,she is,2
4635,is unable,1
4636,unable to,1
4637,to perform,1
4638,perform for,1
4639,being too,1
4640,too enamoured,1
4641,enamoured with,1
4642,with him,0
4643,him httpstcobFHhRkhYE,0
4644,SistersinCrimeA I,0
4645,I wrote,0
4646,wrote the,3
4647,the music,0
4648,music A,0
4649,A friend,0
4650,friend who,1
4651,who is,1
4652,is an,1
4653,an English,0
4654,English teacher,0
4655,teacher wrote,1
4656,words It,0
4657,was an,1
4658,an updated,1
4659,updated version,1
4660,Gray set,0
4661,set in,1
4662,a school,0
4663,school I,0
4664,I wouldnt,0
4665,wouldnt mind,0
4666,mind collaborating,1
4667,collaborating on,1
4668,on another,1
4669,another one,0
4670,one but,0
4671,but it,1
4672,it involves,1
4673,involves a,1
4674,of hard,1
4675,hard work,0
4676,of stars,1
4677,stars to,1
4678,Wilde httpstcoqjqoXuL,0
4679,Henry talking,0
4680,talking a,1
4681,of organizational,1
4682,organizational behaviour,1
4683,behaviour in,1
4684,Gray httpstcozGfQotP,0
4685,Offtopic but,0
4686,I wonder,0
4687,wonder if,1
4688,if theres,0
4689,theres any,0
4690,any fanfiction,1
4691,fanfiction About,0
4692,About The,0
4693,Gray ahahah,0
4694,putting men,1
4695,men on,1
4696,on them,0
4697,them like,0
4698,like did,1
4699,did you,1
4700,you not,1
4701,not read,1
4702,book he,1
4703,has to,1
4704,be HOT,0
4705,kimaaya bro,0
4706,bro my,1
4707,my comfort,2
4708,comfort book,2
4709,do what,2
4710,what you,2
4711,want with,2
4712,with that,1
4713,a romance,0
4714,quotestoliveby lifequotes,0
4715,lifequotes quote,0
4716,JJBlazt The,0
4717,thereâs something,0
4718,something about,1
4719,about circeâs,0
4720,circeâs writing,0
4721,writing that,1
4722,that slows,1
4723,slows me,1
4724,me down,0
4725,down like,0
4726,read each,1
4727,each sentence,1
4728,sentence so,1
4729,so carefully,1
4730,carefully amp,0
4731,amp thatâs,0
4732,thatâs not,0
4733,not usually,1
4734,usually how,1
4735,read books,0
4736,books the,0
4737,only other,1
4738,other time,1
4739,time iâve,0
4740,iâve experienced,0
4741,experienced this,1
4742,this was,1
4743,was when,1
4744,my favorites,0
4745,âœTo be,0
4746,be good,1
4747,good is,1
4748,be in,2
4749,in harmony,2
4750,harmony with,2
4751,with oneself,0
4752,oneself Discord,0
4753,Discord is,0
4754,be forced,1
4755,forced to,1
4756,with othersâ,0
4757,othersâ â,0
4758,lantsovszoya Mine,0
4759,Mine is,0
4760,is Ninth,0
4761,Ninth House,0
4762,House the,0
4763,the Millennium,0
4764,Millennium trilogy,0
4765,trilogy The,0
4766,book thief,1
4767,thief ðŸ,0
4768,ðŸ I,0
4769,canât read,0
4770,read them,1
4771,them unless,1
4772,unless itâs,0
4773,itâs cold,0
4774,cold out,0
4775,isabeIlareads hi,0
4776,hi Iâm,0
4777,Iâm new,0
4778,to twitter,1
4779,to find,1
4780,find some,1
4781,some mutuals,1
4782,hereâs a,0
4783,a list,1
4784,list of,1
4785,my interests,1
4786,interests amp,0
4787,amp favs,0
4788,the pictâ,0
4789,An AwEsOmE,0
4790,AwEsOmE book,0
4791,book reviewsummary,0
4792,reviewsummary top,0
4793,top quotes,0
4794,high fantasy,0
4795,sci fi,0
4796,Interactrtlike to,0
4797,moots booktwt,0
4798,So apparently,0
4799,apparently Im,0
4800,Im working,0
4801,on translating,1
4802,translating an,1
4803,an article,1
4804,article on,1
4805,on Annette,0
4806,Annette in,0
4807,in French,0
4808,French with,0
4809,with another,1
4810,another French,0
4811,French speaker,0
4812,speaker and,0
4813,and comparisons,1
4814,comparisons are,1
4815,are made,1
4816,made to,1
4817,to Beauty,0
4818,Beauty and,0
4819,the Beast,0
4820,Beast and,0
4821,and Phantom,0
4822,the Paradise,0
4823,Paradise the,0
4824,latter based,1
4825,on works,1
4826,works Phantom,0
4827,Opera The,0
4828,and Faust,0
4829,raidhosnibm âœChildren,0
4830,âœChildren begin,0
4831,begin by,2
4832,by loving,2
4833,loving their,2
4834,their parents,0
4835,parents as,0
4836,as they,3
4837,they grow,2
4838,grow older,2
4839,older they,2
4840,they judge,2
4841,judge them,0
4842,them sometimes,0
4843,sometimes they,2
4844,they forgive,2
4845,forgive themâ,0
4846,Oscar Wildeâ,0
4847,We earn,0
4848,earn our,1
4849,our faces,1
4850,faces he,1
4851,looks like,2
4852,picture up,1
4853,up in,1
4854,attic in,1
4855,in picture,1
4856,Gray httpstcooefVD,0
4857,mikanmir to,0
4858,to prisonfor,0
4859,prisonfor a,1
4860,a crime,1
4861,crime he,1
4862,he didnt,0
4863,didnt commit,0
4864,commit then,0
4865,then for,1
4866,for books,1
4867,books you,1
4868,read at,1
4869,least once,0
4870,once to,0
4871,to kill,1
4872,kill a,1
4873,a mockingbird,0
4874,mockingbird anna,0
4875,anna karenina,0
4876,karenina war,0
4877,war and,1
4878,and peace,0
4879,peace the,0
4880,the late,1
4881,late mattia,1
4882,mattia pascal,0
4883,pascal norwegian,0
4884,wood kafka,0
4885,shore after,0
4886,after dark,1
4887,dark all,0
4888,all three,0
4889,three by,1
4890,by haruki,1
4891,haruki murakami,0
4892,murakami the,0
4893,fav books,0
4894,the seven,1
4895,seven husbands,1
4896,husbands of,1
4897,of evelyn,1
4898,evelyn hugo,0
4899,â ready,0
4900,ready player,1
4901,player one,0
4902,â of,0
4903,of mice,2
4904,and more,0
4905,prabhupp Reminds,0
4906,Reminds me,0
4907,hiii guys,0
4908,guys i,1
4909,need your,1
4910,your help,0
4911,help has,0
4912,has any,1
4913,any of,1
4914,of you,1
4915,that book,1
4916,book good,0
4917,good worth,0
4918,worth reading,1
4919,reading and,1
4920,and appropriate,1
4921,appropriate in,0
4922,in case,0
4923,case my,1
4924,my parents,0
4925,parents you,0
4926,you know,0
4927,if your,0
4928,your fav,1
4929,fav classics,1
4930,are jane,1
4931,eyre the,0
4932,the scarlett,1
4933,scarlett letter,0
4934,letter fahrenheit,0
4935,fahrenheit or,1
4936,gray u,0
4937,are officially,1
4938,officially one,1
4939,the sexiest,1
4940,sexiest people,1
4941,people i,1
4942,Your rank,0
4943,rank and,1
4944,and wealth,0
4945,wealth Harry,0
4946,Harry my,0
4947,my brains,0
4948,brains such,0
4949,such as,1
4950,they are,1
4951,are my,1
4952,my art,0
4953,art whatever,0
4954,whatever it,1
4955,it may,1
4956,be worth,0
4957,worth Dorian,0
4958,Grays good,0
4959,good looks,1
4960,looks we,1
4961,we shall,1
4962,shall all,1
4963,all suffer,1
4964,suffer for,1
4965,the gods,1
4966,gods have,1
4967,given us,0
4968,us suffer,0
4969,suffer terribly,0
4970,morallygreygf OH,0
4971,OH HELP,0
4972,HELP i,0
4973,i meant,1
4974,meant the,1
4975,to anyone,0
4976,anyone The,0
4977,Wilde httpstcoPbdFHcxo,0
4978,LAIASVETURlUS fave,0
4979,fave fiddler,0
4980,fiddler on,1
4981,the roof,0
4982,roof least,0
4983,least fave,1
4984,fave picture,1
4985,gray honestly,0
4986,honestly itâs,0
4987,itâs all,0
4988,all about,1
4989,about how,1
4990,how the,1
4991,is taught,0
4992,whats your,0
4993,your favorite,1
4994,favorite book,1
4995,book or,1
4996,or books,0
4997,books â,0
4998,favourite book,1
4999,book ever,1
5000,ever funnily,1
5001,funnily enough,1
5002,enough itâs,0
5003,itâs not,0
5004,not actually,1
5005,actually because,1
5006,because of,1
5007,of ben,1
5008,ben sirius,0
5009,sirius wilde,0
5010,just my,1
5011,favourite writer,1
5012,writer ðŸââïâðŸâðŸ,0
5013,ðŸââïâðŸâðŸ httpstcoDpStRjyz,0
5014,Federer doesnt,0
5015,doesnt age,0
5016,age because,1
5017,because his,1
5018,his fans,1
5019,fans do,0
5020,Its the,0
5021,for tennis,0
5022,tennis Everytime,0
5023,Everytime he,0
5024,he loses,1
5025,loses an,1
5026,an opportunity,1
5027,opportunity to,1
5028,to break,1
5029,break I,0
5030,feel myself,1
5031,myself beginning,1
5032,beginning to,1
5033,to wither,0
5034,harleytwts yes,1
5035,yes very,1
5036,much im,1
5037,im thinking,1
5038,thinking of,1
5039,of getting,1
5040,gray soon,0
5041,WorthingHighEng Introducing,0
5042,Introducing Miss,0
5043,Miss Beckford,0
5044,Beckford As,0
5045,As well,0
5046,well as,1
5047,teacher she,0
5048,is Leader,0
5049,Leader of,0
5050,of Literacy,0
5051,Literacy here,0
5052,WorthingHigh ðŸš,0
5053,ðŸš Her,0
5054,Her favouritâ,0
5055,So the,0
5056,the other,1
5057,other day,1
5058,day I,0
5059,saw that,1
5060,that Penguin,0
5061,Penguin were,0
5062,were doing,1
5063,doing classic,1
5064,classic books,1
5065,books for,1
5066,Â couldnt,0
5067,couldnt resist,0
5068,resist so,1
5069,I went,0
5070,went through,1
5071,through the,1
5072,the list,1
5073,list and,1
5074,and picked,1
5075,picked these,1
5076,these three,0
5077,three The,0
5078,Gray Frankenstein,0
5079,Frankenstein At,0
5080,the Mountains,0
5081,Mountains of,0
5082,of Madness,0
5083,Madness plus,0
5084,plus others,0
5085,others httpstcoDuzsSX,0
5086,starting the,0
5087,last chapter,1
5088,gray aaaaa,0
5089,Livetweeting reading,0
5090,An ongoing,0
5091,ongoing thread,0
5092,Bout to,0
5093,Gray Should,0
5094,Should I,0
5095,I live,0
5096,live tweet,1
5097,tweet it,0
5098,also this,0
5099,from âœthe,0
5100,grayâ by,0
5101,wilde if,1
5102,you were,1
5103,were wondering,1
5104,great but,1
5105,it better,1
5106,better this,1
5107,this way,1
5108,way httpstcorfCRSRTiKi,0
5109,crush just,0
5110,just called,1
5111,gray âœmelodramatic,0
5112,âœmelodramatic gay,0
5113,gay bullshitâ,0
5114,bullshitâ httpstcobsJtSKlGA,0
5115,Chris She,0
5116,She looks,0
5117,never has,1
5118,has the,1
5119,commit Oscar,0
5120,Gray Quote,0
5121,Quote RWLSWeightLoss,0
